"STATION","NAME","DATE","TAVG","TAVG_ATTRIBUTES","TMAX","TMAX_ATTRIBUTES","TMIN","TMIN_ATTRIBUTES"
"USR0000CBOO","BOONVILLE CALIFORNIA, CA US","2022-06-01","62",",,U","80","H,,U","44","H,,U"
"USR0000CBOO","BOONVILLE CALIFORNIA, CA US","2022-06-02","62",",,U","78","H,,U","47","H,,U"
"USR0000CBOO","BOONVILLE CALIFORNIA, CA US","2022-06-03","62",",,U","73","H,,U","54","H,,U"
"USR0000CBOO","BOONVILLE CALIFORNIA, CA US","2022-06-04","59",",,U","70","H,,U","52","H,,U"
"USR0000CBOO","BOONVILLE CALIFORNIA, CA US","2022-06-05","63",",,U","74","H,,U","54","H,,U"
"USR0000CBOO","BOONVILLE CALIFORNIA, CA US","2022-06-06","62",",,U","74","H,,U","52","H,,U"
"USR0000CBOO","BOONVILLE CALIFORNIA, CA US","2022-06-07","62",",,U","81","H,,U","47","H,,U"
"USR0000CBOO","BOONVILLE CALIFORNIA, CA US","2022-06-08","63",",,U","78","H,,U","50","H,,U"
"USR0000CBOO","BOONVILLE CALIFORNIA, CA US","2022-06-09","67",",,U","82","H,,U","53","H,,U"
"USR0000CBOO","BOONVILLE CALIFORNIA, CA US","2022-06-10","71",",,U","89","H,,U","54","H,,U"
"USR0000CBOO","BOONVILLE CALIFORNIA, CA US","2022-06-11","71",",,U","84","H,,U","60","H,,U"
"USR0000CBOO","BOONVILLE CALIFORNIA, CA US","2022-06-12","61",",,U","66","H,,U","51","H,,U"
"USR0000CBOO","BOONVILLE CALIFORNIA, CA US","2022-06-13","57",",,U","69","H,,U","46","H,,U"
"USR0000CBOO","BOONVILLE CALIFORNIA, CA US","2022-06-14","60",",,U","77","H,,U","43","H,,U"
"USR0000CBOO","BOONVILLE CALIFORNIA, CA US","2022-06-15","60",",,U","79","H,,U","45","H,,U"
"USR0000CBOO","BOONVILLE CALIFORNIA, CA US","2022-06-16","56",",,U","67","H,,U","50","H,,U"
"USR0000CBOO","BOONVILLE CALIFORNIA, CA US","2022-06-17","56",",,U","66","H,,U","46","H,,U"
"USR0000CBOO","BOONVILLE CALIFORNIA, CA US","2022-06-18","57",",,U","69","H,,U","48","H,,U"
"USR0000CBOO","BOONVILLE CALIFORNIA, CA US","2022-06-19","60",",,U","78","H,,U","44","H,,U"
"USR0000CBOO","BOONVILLE CALIFORNIA, CA US","2022-06-20","66",",,U","87","H,,U","47","H,,U"
"USR0000CBOO","BOONVILLE CALIFORNIA, CA US","2022-06-21","77",",,U","102","H,,U","52","H,,U"
"USR0000CBOO","BOONVILLE CALIFORNIA, CA US","2022-06-22","78",",,U","100","H,,U","60","H,,U"
"USR0000CBOO","BOONVILLE CALIFORNIA, CA US","2022-06-23","74",",,U","96","H,,U","53","H,,U"
"USR0000CBOO","BOONVILLE CALIFORNIA, CA US","2022-06-24","72",",,U","91","H,,U","54","H,,U"
"USR0000CBOO","BOONVILLE CALIFORNIA, CA US","2022-06-25","73",",,U","97","H,,U","51","H,,U"
"USR0000CBOO","BOONVILLE CALIFORNIA, CA US","2022-06-26","70",",,U","99","H,,U","51","H,,U"
"USR0000CBOO","BOONVILLE CALIFORNIA, CA US","2022-06-27","67",",,U","92","H,,U","52","H,,U"
"USR0000CBOO","BOONVILLE CALIFORNIA, CA US","2022-06-28","64",",,U","79","H,,U","53","H,,U"
"USR0000CBOO","BOONVILLE CALIFORNIA, CA US","2022-06-29","65",",,U","87","H,,U","52","H,,U"
"USR0000CBOO","BOONVILLE CALIFORNIA, CA US","2022-06-30","61",",,U","80","H,,U","49","H,,U"
"USR0000CBOO","BOONVILLE CALIFORNIA, CA US","2022-07-01","61",",,U","80","H,,U","47","H,,U"
"USR0000CBOO","BOONVILLE CALIFORNIA, CA US","2022-07-02","56",",,U","65","H,,U","52","H,,U"
"USR0000CBOO","BOONVILLE CALIFORNIA, CA US","2022-07-03","59",",,U","72","H,,U","52","H,,U"
"USR0000CBOO","BOONVILLE CALIFORNIA, CA US","2022-07-04","64",",,U","74","H,,U","54","H,,U"
"USR0000CBOO","BOONVILLE CALIFORNIA, CA US","2022-07-05","66",",,U","76","H,,U","61","H,,U"
"USR0000CBOO","BOONVILLE CALIFORNIA, CA US","2022-07-06","64",",,U","73","H,,U","58","H,,U"
"USR0000CBOO","BOONVILLE CALIFORNIA, CA US","2022-07-07","64",",,U","79","H,,U","54","H,,U"
"USR0000CBOO","BOONVILLE CALIFORNIA, CA US","2022-07-08","66",",,U","82","H,,U","50","H,,U"
"USR0000CBOO","BOONVILLE CALIFORNIA, CA US","2022-07-09","65",",,U","81","H,,U","51","H,,U"
"USR0000CBOO","BOONVILLE CALIFORNIA, CA US","2022-07-10","74",",,U","95","H,,U","51","H,,U"
"USR0000CBOO","BOONVILLE CALIFORNIA, CA US","2022-07-11","79",",,U","101","H,,U","60","H,,U"
"USR0000CBOO","BOONVILLE CALIFORNIA, CA US","2022-07-12","68",",,U","91","H,,U","55","H,,U"
"USR0000CBOO","BOONVILLE CALIFORNIA, CA US","2022-07-13","65",",,U","80","H,,U","53","H,,U"
"USR0000CBOO","BOONVILLE CALIFORNIA, CA US","2022-07-14","62",",,U","81","H,,U","50","H,,U"
"USR0000CBOO","BOONVILLE CALIFORNIA, CA US","2022-07-15","64",",,U","82","H,,U","50","H,,U"
"USR0000CBOO","BOONVILLE CALIFORNIA, CA US","2022-07-16","69",",,U","89","H,,U","50","H,,U"
"USR0000CBOO","BOONVILLE CALIFORNIA, CA US","2022-07-17","69",",,U","88","H,,U","52","H,,U"
"USR0000CBOO","BOONVILLE CALIFORNIA, CA US","2022-07-18","71",",,U","93","H,,U","53","H,,U"
"USR0000CBOO","BOONVILLE CALIFORNIA, CA US","2022-07-19","66",",,U","88","H,,U","48","H,,U"
"USR0000CBOO","BOONVILLE CALIFORNIA, CA US","2022-07-20","66",",,U","90","H,,U","46","H,,U"
"USR0000CBOO","BOONVILLE CALIFORNIA, CA US","2022-07-21","67",",,U","93","H,,U","47","H,,U"
"USR0000CBOO","BOONVILLE CALIFORNIA, CA US","2022-07-22","65",",,U","87","H,,U","46","H,,U"
"USR0000CBOO","BOONVILLE CALIFORNIA, CA US","2022-07-23","68",",,U","91","H,,U","49","H,,U"
"USR0000CBOO","BOONVILLE CALIFORNIA, CA US","2022-07-24","70",",,U","91","H,,U","51","H,,U"
"USR0000CBOO","BOONVILLE CALIFORNIA, CA US","2022-07-25","67",",,U","90","H,,U","49","H,,U"
"USR0000CBOO","BOONVILLE CALIFORNIA, CA US","2022-07-26","67",",,U","89","H,,U","52","H,,U"
"USR0000CBOO","BOONVILLE CALIFORNIA, CA US","2022-07-27","67",",,U","88","H,,U","53","H,,U"
"USR0000CBOO","BOONVILLE CALIFORNIA, CA US","2022-07-28","67",",,U","88","H,,U","52","H,,U"
"USR0000CBOO","BOONVILLE CALIFORNIA, CA US","2022-07-29","67",",,U","89","H,,U","54","H,,U"
"USR0000CBOO","BOONVILLE CALIFORNIA, CA US","2022-07-30","67",",,U","87","H,,U","56","H,,U"
"USR0000CBOO","BOONVILLE CALIFORNIA, CA US","2022-07-31","67",",,U","81","H,,U","58","H,,U"
"USR0000CBOO","BOONVILLE CALIFORNIA, CA US","2022-08-01","67",",,U","84","H,,U","58","H,,U"
"USR0000CBOO","BOONVILLE CALIFORNIA, CA US","2022-08-02","73",",,U","96","H,,U","59","H,,U"
"USR0000CBOO","BOONVILLE CALIFORNIA, CA US","2022-08-03","71",",,U","90","H,,U","56","H,,U"
"USR0000CBOO","BOONVILLE CALIFORNIA, CA US","2022-08-04","76",",,U","98","H,,U","59","H,,U"
"USR0000CBOO","BOONVILLE CALIFORNIA, CA US","2022-08-05","69",",,U","87","H,,U","55","H,,U"
"USR0000CBOO","BOONVILLE CALIFORNIA, CA US","2022-08-06","68",",,U","85","H,,U","56","H,,U"
"USR0000CBOO","BOONVILLE CALIFORNIA, CA US","2022-08-07","64",",,U","81","H,,U","52","H,,U"
"USR0000CBOO","BOONVILLE CALIFORNIA, CA US","2022-08-08","65",",,U","81","H,,U","56","H,,U"
"USR0000CBOO","BOONVILLE CALIFORNIA, CA US","2022-08-09","65",",,U","80","H,,U","55","H,,U"
"USR0000CBOO","BOONVILLE CALIFORNIA, CA US","2022-08-10","65",",,U","82","H,,U","51","H,,U"
"USR0000CBOO","BOONVILLE CALIFORNIA, CA US","2022-08-11","65",",,U","79","H,,U","58","H,,U"
"USR0000CBOO","BOONVILLE CALIFORNIA, CA US","2022-08-12","65",",,U","80","H,,U","56","H,,U"
"USR0000CBOO","BOONVILLE CALIFORNIA, CA US","2022-08-13","67",",,U","86","H,,U","51","H,,U"
"USR0000CBOO","BOONVILLE CALIFORNIA, CA US","2022-08-14","67",",,U","84","H,,U","51","H,,U"
"USR0000CBOO","BOONVILLE CALIFORNIA, CA US","2022-08-15","69",",,U","90","H,,U","51","H,,U"
"USR0000CBOO","BOONVILLE CALIFORNIA, CA US","2022-08-16","76",",,U","100","H,,U","53","H,,U"
"USR0000CBOO","BOONVILLE CALIFORNIA, CA US","2022-08-17","77",",,U","105","H,,U","59","H,,U"
"USR0000CBOO","BOONVILLE CALIFORNIA, CA US","2022-08-18","70",",,U","93","H,,U","56","H,,U"
"USR0000CBOO","BOONVILLE CALIFORNIA, CA US","2022-08-19","70",",,U","88","H,,U","57","H,,U"
"USR0000CBOO","BOONVILLE CALIFORNIA, CA US","2022-08-20","73",",,U","97","H,,U","53","H,,U"
"USR0000CBOO","BOONVILLE CALIFORNIA, CA US","2022-08-21","70",",,U","89","H,,U","55","H,,U"
"USR0000CBOO","BOONVILLE CALIFORNIA, CA US","2022-08-22","67",",,U","87","H,,U","51","H,,U"
"USR0000CBOO","BOONVILLE CALIFORNIA, CA US","2022-08-23","69",",,U","88","H,,U","56","H,,U"
"USR0000CBOO","BOONVILLE CALIFORNIA, CA US","2022-08-24","67",",,U","92","H,,U","53","H,,U"
"USR0000CBOO","BOONVILLE CALIFORNIA, CA US","2022-08-25","69",",,U","95","H,,U","50","H,,U"
"USR0000CBOO","BOONVILLE CALIFORNIA, CA US","2022-08-26","70",",,U","89","H,,U","54","H,,U"
"USR0000CBOO","BOONVILLE CALIFORNIA, CA US","2022-08-27","68",",,U","86","H,,U","53","H,,U"
"USR0000CBOO","BOONVILLE CALIFORNIA, CA US","2022-08-28","68",",,U","85","H,,U","53","H,,U"
"USR0000CBOO","BOONVILLE CALIFORNIA, CA US","2022-08-29","66",",,U","84","H,,U","53","H,,U"
"USR0000CBOO","BOONVILLE CALIFORNIA, CA US","2022-08-30","64",",,U","86","H,,U","51","H,,U"
"USR0000CBOO","BOONVILLE CALIFORNIA, CA US","2022-08-31","64",",,U","87","H,,U","52","H,,U"
"USR0000CBOO","BOONVILLE CALIFORNIA, CA US","2022-09-01","68",",,U","94","H,,U","48","H,,U"
"USR0000CBOO","BOONVILLE CALIFORNIA, CA US","2022-09-02","63",",,U","84","H,,U","46","H,,U"
"USR0000CBOO","BOONVILLE CALIFORNIA, CA US","2022-09-03","66",",,U","85","H,,U","51","H,,U"
"USR0000CBOO","BOONVILLE CALIFORNIA, CA US","2022-09-04","74",",,U","99","H,,U","52","H,,U"
"USR0000CBOO","BOONVILLE CALIFORNIA, CA US","2022-09-05","80",",,U","107","H,,U","59","H,,U"
"USR0000CBOO","BOONVILLE CALIFORNIA, CA US","2022-09-06","88",",,U","116","H,,U","67","H,,U"
"USR0000CBOO","BOONVILLE CALIFORNIA, CA US","2022-09-07","84",",,U","105","H,,U","66","H,,U"
"USR0000CBOO","BOONVILLE CALIFORNIA, CA US","2022-09-08","83",",,U","106","H,,U","63","H,,U"
"USR0000CBOO","BOONVILLE CALIFORNIA, CA US","2022-09-09","79",",,U","108","H,,U","61","H,,U"
"USR0000CBOO","BOONVILLE CALIFORNIA, CA US","2022-09-10","69",",,U","85","H,,U","59","H,,U"
"USR0000CBOO","BOONVILLE CALIFORNIA, CA US","2022-09-11","65",",,U","74","H,,U","59","H,,U"
"USR0000CBOO","BOONVILLE CALIFORNIA, CA US","2022-09-12","66",",,U","82","H,,U","59","H,,U"
"USR0000CBOO","BOONVILLE CALIFORNIA, CA US","2022-09-13","63",",,U","74","H,,U","54","H,,U"
"USR0000CBOO","BOONVILLE CALIFORNIA, CA US","2022-09-14","61",",,U","73","H,,U","51","H,,U"
"USR0000CBOO","BOONVILLE CALIFORNIA, CA US","2022-09-15","62",",,U","74","H,,U","53","H,,U"
"USR0000CBOO","BOONVILLE CALIFORNIA, CA US","2022-09-16","61",",,U","77","H,,U","50","H,,U"
"USR0000CBOO","BOONVILLE CALIFORNIA, CA US","2022-09-17","57",",,U","70","H,,U","46","H,,U"
"USR0000CBOO","BOONVILLE CALIFORNIA, CA US","2022-09-18","58",",,U","61","H,,U","53","H,,U"
"USR0000CBOO","BOONVILLE CALIFORNIA, CA US","2022-09-19","62",",,U","74","H,,U","55","H,,U"
"USR0000CBOO","BOONVILLE CALIFORNIA, CA US","2022-09-20","60",",,U","74","H,,U","50","H,,U"
"USR0000CBOO","BOONVILLE CALIFORNIA, CA US","2022-09-21","61",",,U","73","H,,U","54","H,,U"
"USR0000CBOO","BOONVILLE CALIFORNIA, CA US","2022-09-22","63",",,U","78","H,,U","54","H,,U"
"USR0000CBOO","BOONVILLE CALIFORNIA, CA US","2022-09-23","67",",,U","89","H,,U","51","H,,U"
"USR0000CBOO","BOONVILLE CALIFORNIA, CA US","2022-09-24","71",",,U","93","H,,U","54","H,,U"
"USR0000CBOO","BOONVILLE CALIFORNIA, CA US","2022-09-25","68",",,U","90","H,,U","52","H,,U"
"USR0000CBOO","BOONVILLE CALIFORNIA, CA US","2022-09-26","61",",,U","83","H,,U","48","H,,U"
"USR0000CBOO","BOONVILLE CALIFORNIA, CA US","2022-09-27","59",",,U","74","H,,U","51","H,,U"
"USR0000CBOO","BOONVILLE CALIFORNIA, CA US","2022-09-28","62",",,U","78","H,,U","52","H,,U"
"USR0000CBOO","BOONVILLE CALIFORNIA, CA US","2022-09-29","63",",,U","80","H,,U","52","H,,U"
"USR0000CBOO","BOONVILLE CALIFORNIA, CA US","2022-09-30","68",",,U","91","H,,U","51","H,,U"
"USR0000CBOO","BOONVILLE CALIFORNIA, CA US","2022-10-01","62",",,U","82","H,,U","51","H,,U"
"USR0000CBOO","BOONVILLE CALIFORNIA, CA US","2022-10-02","60",",,U","74","H,,U","51","H,,U"
"USR0000CBOO","BOONVILLE CALIFORNIA, CA US","2022-10-03","58",",,U","77","H,,U","47","H,,U"
"USR0000CBOO","BOONVILLE CALIFORNIA, CA US","2022-10-04","61",",,U","77","H,,U","52","H,,U"
"USR0000CBOO","BOONVILLE CALIFORNIA, CA US","2022-10-05","63",",,U","84","H,,U","48","H,,U"
"USR0000CBOO","BOONVILLE CALIFORNIA, CA US","2022-10-06","67",",,U","92","H,,U","51","H,,U"
"USR0000CBOO","BOONVILLE CALIFORNIA, CA US","2022-10-07","69",",,U","93","H,,U","53","H,,U"
"USR0000CBOO","BOONVILLE CALIFORNIA, CA US","2022-10-08","69",",,U","91","H,,U","54","H,,U"
"USR0000CBOO","BOONVILLE CALIFORNIA, CA US","2022-10-09","63",",,U","85","H,,U","49","H,,U"
"USR0000CBOO","BOONVILLE CALIFORNIA, CA US","2022-10-10","62",",,U","86","H,,U","47","H,,U"
"USR0000CBOO","BOONVILLE CALIFORNIA, CA US","2022-10-11","62",",,U","86","H,,U","50","H,,U"
"USR0000CBOO","BOONVILLE CALIFORNIA, CA US","2022-10-12","58",",,U","81","H,,U","47","H,,U"
"USR0000CBOO","BOONVILLE CALIFORNIA, CA US","2022-10-13","58",",,U","80","H,,U","47","H,,U"
"USR0000CBOO","BOONVILLE CALIFORNIA, CA US","2022-10-14","60",",,U","86","H,,U","42","H,,U"
"USR0000CBOO","BOONVILLE CALIFORNIA, CA US","2022-10-15","59",",,U","79","H,,U","48","H,,U"
"USR0000CBOO","BOONVILLE CALIFORNIA, CA US","2022-10-16","59",",,U","64","H,,U","56","H,,U"
"USR0000CBOO","BOONVILLE CALIFORNIA, CA US","2022-10-17","60",",,U","75","H,,U","48","H,,U"
"USR0000CBOO","BOONVILLE CALIFORNIA, CA US","2022-10-18","65",",,U","87","H,,U","50","H,,U"
"USR0000CBOO","BOONVILLE CALIFORNIA, CA US","2022-10-19","68",",,U","92","H,,U","50","H,,U"
"USR0000CBOO","BOONVILLE CALIFORNIA, CA US","2022-10-20","64",",,U","88","H,,U","47","H,,U"
"USR0000CBOO","BOONVILLE CALIFORNIA, CA US","2022-10-21","60",",,U","77","H,,U","47","H,,U"
"USR0000CBOO","BOONVILLE CALIFORNIA, CA US","2022-10-22","56",",,U","65","H,,U","45","H,,U"
"USR0000CBOO","BOONVILLE CALIFORNIA, CA US","2022-10-23","51",",,U","64","H,,U","40","H,,U"
"USR0000CBOO","BOONVILLE CALIFORNIA, CA US","2022-10-24","54",",,U","71","H,,U","38","H,,U"
"USR0000CBOO","BOONVILLE CALIFORNIA, CA US","2022-10-25","55",",,U","67","H,,U","42","H,,U"
"USR0000CBOO","BOONVILLE CALIFORNIA, CA US","2022-10-26","50",",,U","64","H,,U","39","H,,U"
"USR0000CBOO","BOONVILLE CALIFORNIA, CA US","2022-10-27","53",",,U","73","H,,U","38","H,,U"
"USR0000CBOO","BOONVILLE CALIFORNIA, CA US","2022-10-28","52",",,U","72","H,,U","39","H,,U"
"USR0000CBOO","BOONVILLE CALIFORNIA, CA US","2022-10-29","55",",,U","70","H,,U","41","H,,U"
"USR0000CBOO","BOONVILLE CALIFORNIA, CA US","2022-10-30","58",",,U","74","H,,U","47","H,,U"
"USR0000CBOO","BOONVILLE CALIFORNIA, CA US","2022-10-31","53",",,U","68","H,,U","43","H,,U"
"USR0000CBOO","BOONVILLE CALIFORNIA, CA US","2022-11-01","49",",,U","54","H,,U","39","H,,U"
"USR0000CBOO","BOONVILLE CALIFORNIA, CA US","2022-11-02","45",",,U","58","H,,U","36","H,,U"
"USR0000CBOO","BOONVILLE CALIFORNIA, CA US","2022-11-03","44",",,U","58","H,,U","34","H,,U"
"USR0000CBOO","BOONVILLE CALIFORNIA, CA US","2022-11-04","52",",,U","63","H,,U","39","H,,U"
"USR0000CBOO","BOONVILLE CALIFORNIA, CA US","2022-11-05","55",",,U","61","H,,U","47","H,,U"
"USR0000CBOO","BOONVILLE CALIFORNIA, CA US","2022-11-06","49",",,U","56","H,,U","44","H,,U"
"USR0000CBOO","BOONVILLE CALIFORNIA, CA US","2022-11-07","44",",,U","51","H,,U","40","H,,U"
"USR0000CBOO","BOONVILLE CALIFORNIA, CA US","2022-11-08","44",",,U","49","H,,U","41","H,,U"
"USR0000CBOO","BOONVILLE CALIFORNIA, CA US","2022-11-09","45",",,U","58","H,,U","37","H,,U"
"USR0000CBOO","BOONVILLE CALIFORNIA, CA US","2022-11-10","44",",,U","60","H,,U","35","H,,U"
"USR0000CBOO","BOONVILLE CALIFORNIA, CA US","2022-11-11","45",",,U","62","H,,U","34","H,,U"
"USR0000CBOO","BOONVILLE CALIFORNIA, CA US","2022-11-12","47",",,U","56","H,,U","43","H,,U"
"USR0000CBOO","BOONVILLE CALIFORNIA, CA US","2022-11-13","47",",,U","63","H,,U","38","H,,U"
"USR0000CBOO","BOONVILLE CALIFORNIA, CA US","2022-11-14","44",",,U","59","H,,U","35","H,,U"
"USR0000CBOO","BOONVILLE CALIFORNIA, CA US","2022-11-15","47",",,U","67","H,,U","33","H,,U"
"USR0000CBOO","BOONVILLE CALIFORNIA, CA US","2022-11-16","50",",,U","70","H,,U","36","H,,U"
"USR0000CBOO","BOONVILLE CALIFORNIA, CA US","2022-11-17","49",",,U","66","H,,U","38","H,,U"
"USR0000CBOO","BOONVILLE CALIFORNIA, CA US","2022-11-18","50",",,U","65","H,,U","40","H,,U"
"USR0000CBOO","BOONVILLE CALIFORNIA, CA US","2022-11-19","47",",,U","68","H,,U","34","H,,U"
"USR0000CBOO","BOONVILLE CALIFORNIA, CA US","2022-11-20","47",",,U","67","H,,U","32","H,,U"
"USR0000CBOO","BOONVILLE CALIFORNIA, CA US","2022-11-21","48",",,U","67","H,,U","35","H,,U"
"USR0000CBOO","BOONVILLE CALIFORNIA, CA US","2022-11-22","49",",,U","65","H,,U","36","H,,U"
"USR0000CBOO","BOONVILLE CALIFORNIA, CA US","2022-11-23","54",",,U","70","H,,U","46","H,,U"
"USR0000CBOO","BOONVILLE CALIFORNIA, CA US","2022-11-24","55",",,U","76","H,,U","41","H,,U"
"USR0000CBOO","BOONVILLE CALIFORNIA, CA US","2022-11-25","55",",,U","71","H,,U","43","H,,U"
"USR0000CBOO","BOONVILLE CALIFORNIA, CA US","2022-11-26","50",",,U","66","H,,U","41","H,,U"
"USR0000CBOO","BOONVILLE CALIFORNIA, CA US","2022-11-27","48",",,U","65","H,,U","35","H,,U"
"USR0000CBOO","BOONVILLE CALIFORNIA, CA US","2022-11-28","45",",,U","54","H,,U","38","H,,U"
"USR0000CBOO","BOONVILLE CALIFORNIA, CA US","2022-11-29","41",",,U","56","H,,U","31","H,,U"
"USR0000CBOO","BOONVILLE CALIFORNIA, CA US","2022-11-30","44",",,U","55","H,,U","31","H,,U"
"USR0000CBOO","BOONVILLE CALIFORNIA, CA US","2022-12-01","43",",,U","52","H,,U","32","H,,U"
"USR0000CBOO","BOONVILLE CALIFORNIA, CA US","2022-12-02","38",",,U","54","H,,U","29","H,,U"
"USR0000CBOO","BOONVILLE CALIFORNIA, CA US","2022-12-03","42",",,U","48","H,,U","34","H,,U"
"USR0000CBOO","BOONVILLE CALIFORNIA, CA US","2022-12-04","48",",,U","52","H,,U","45","H,,U"
"USR0000CBOO","BOONVILLE CALIFORNIA, CA US","2022-12-05","47",",,U","53","H,,U","44","H,,U"
"USR0000CBOO","BOONVILLE CALIFORNIA, CA US","2022-12-06","46",",,U","56","H,,U","41","H,,U"
"USR0000CBOO","BOONVILLE CALIFORNIA, CA US","2022-12-07","42",",,U","56","H,,U","33","H,,U"
"USR0000CBOO","BOONVILLE CALIFORNIA, CA US","2022-12-08","44",",,U","50","H,,U","35","H,,U"
"USR0000CBOO","BOONVILLE CALIFORNIA, CA US","2022-12-09","43",",,U","48","H,,U","36","H,,U"
"USR0000CBOO","BOONVILLE CALIFORNIA, CA US","2022-12-10","49",",,U","55","H,,U","44","H,,U"
"USR0000CBOO","BOONVILLE CALIFORNIA, CA US","2022-12-11","42",",,U","49","H,,U","39","H,,U"
"USR0000CBOO","BOONVILLE CALIFORNIA, CA US","2022-12-12","40",",,U","51","H,,U","34","H,,U"
"USR0000CBOO","BOONVILLE CALIFORNIA, CA US","2022-12-13","41",",,U","56","H,,U","32","H,,U"
"USR0000CBOO","BOONVILLE CALIFORNIA, CA US","2022-12-14","40",",,U","55","H,,U","31","H,,U"
"USR0000CBOO","BOONVILLE CALIFORNIA, CA US","2022-12-15","41",",,U","57","H,,U","32","H,,U"
"USR0000CBOO","BOONVILLE CALIFORNIA, CA US","2022-12-16","42",",,U","60","H,,U","32","H,,U"
"USR0000CBOO","BOONVILLE CALIFORNIA, CA US","2022-12-17","42",",,U","60","H,,U","31","H,,U"
"USR0000CBOO","BOONVILLE CALIFORNIA, CA US","2022-12-18","40",",,U","56","H,,U","30","H,,U"
"USR0000CBOO","BOONVILLE CALIFORNIA, CA US","2022-12-19","43",",,U","55","H,,U","34","H,,U"
"USR0000CBOO","BOONVILLE CALIFORNIA, CA US","2022-12-20","48",",,U","56","H,,U","42","H,,U"
"USR0000CBOO","BOONVILLE CALIFORNIA, CA US","2022-12-21","52",",,U","59","H,,U","47","H,,U"
"USR0000CBOO","BOONVILLE CALIFORNIA, CA US","2022-12-22","53",",,U","56","H,,U","51","H,,U"
"USR0000CBOO","BOONVILLE CALIFORNIA, CA US","2022-12-23","52",",,U","57","H,,U","49","H,,U"
"USR0000CBOO","BOONVILLE CALIFORNIA, CA US","2022-12-24","55",",,U","66","H,,U","47","H,,U"
"USR0000CBOO","BOONVILLE CALIFORNIA, CA US","2022-12-25","55",",,U","63","H,,U","49","H,,U"
"USR0000CBOO","BOONVILLE CALIFORNIA, CA US","2022-12-26","55",",,U","60","H,,U","52","H,,U"
"USR0000CBOO","BOONVILLE CALIFORNIA, CA US","2022-12-27","53",",,U","59","H,,U","47","H,,U"
"USR0000CBOO","BOONVILLE CALIFORNIA, CA US","2022-12-28","47",",,U","54","H,,U","43","H,,U"
"USR0000CBOO","BOONVILLE CALIFORNIA, CA US","2022-12-29","48",",,U","51","H,,U","44","H,,U"
"USR0000CBOO","BOONVILLE CALIFORNIA, CA US","2022-12-30","56",",,U","61","H,,U","50","H,,U"
"USR0000CBOO","BOONVILLE CALIFORNIA, CA US","2022-12-31","51",",,U","56","H,,U","44","H,,U"
"USR0000CBOO","BOONVILLE CALIFORNIA, CA US","2023-01-01","44",",,U","55","H,,U","37","H,,U"
"USR0000CBOO","BOONVILLE CALIFORNIA, CA US","2023-01-02","42",",,U","47","H,,U","37","H,,U"
"USR0000CBOO","BOONVILLE CALIFORNIA, CA US","2023-01-03","44",",,U","49","H,,U","36","H,,U"
"USR0000CBOO","BOONVILLE CALIFORNIA, CA US","2023-01-04","51",",,U","56","H,,U","47","H,,U"
"USR0000CBOO","BOONVILLE CALIFORNIA, CA US","2023-01-05","50",",,U","56","H,,U","43","H,,U"
"USR0000CBOO","BOONVILLE CALIFORNIA, CA US","2023-01-06","50",",,U","53","H,,U","46","H,,U"
"USR0000CBOO","BOONVILLE CALIFORNIA, CA US","2023-01-07","49",",,U","50","H,,U","48","H,,U"
"USR0000CBOO","BOONVILLE CALIFORNIA, CA US","2023-01-08","52",",,U","56","H,,U","47","H,,U"
"USR0000CBOO","BOONVILLE CALIFORNIA, CA US","2023-01-09","54",",,U","60","H,,U","49","H,,U"
"USR0000CBOO","BOONVILLE CALIFORNIA, CA US","2023-01-10","49",",,U","53","H,,U","45","H,,U"
"USR0000CBOO","BOONVILLE CALIFORNIA, CA US","2023-01-11","50",",,U","55","H,,U","47","H,,U"
"USR0000CBOO","BOONVILLE CALIFORNIA, CA US","2023-01-12","57",",,U","62","H,,U","52","H,,U"
"USR0000CBOO","BOONVILLE CALIFORNIA, CA US","2023-01-13","52",",,U","56","H,,U","50","H,,U"
"USR0000CBOO","BOONVILLE CALIFORNIA, CA US","2023-01-14","50",",,U","54","H,,U","44","H,,U"
"USR0000CBOO","BOONVILLE CALIFORNIA, CA US","2023-01-15","46",",,U","50","H,,U","43","H,,U"
"USR0000CBOO","BOONVILLE CALIFORNIA, CA US","2023-01-16","45",",,U","51","H,,U","39","H,,U"
"USR0000CBOO","BOONVILLE CALIFORNIA, CA US","2023-01-17","41",",,U","54","H,,U","31","H,,U"
"USR0000CBOO","BOONVILLE CALIFORNIA, CA US","2023-01-18","43",",,U","51","H,,U","36","H,,U"
"USR0000CBOO","BOONVILLE CALIFORNIA, CA US","2023-01-19","41",",,U","50","H,,U","34","H,,U"
"USR0000CBOO","BOONVILLE CALIFORNIA, CA US","2023-01-20","41",",,U","60","H,,U","30","H,,U"
"USR0000CBOO","BOONVILLE CALIFORNIA, CA US","2023-01-21","42",",,U","58","H,,U","31","H,,U"
"USR0000CBOO","BOONVILLE CALIFORNIA, CA US","2023-01-22","45",",,U","55","H,,U","38","H,,U"
"USR0000CBOO","BOONVILLE CALIFORNIA, CA US","2023-01-23","45",",,U","63","H,,U","33","H,,U"
"USR0000CBOO","BOONVILLE CALIFORNIA, CA US","2023-01-24","49",",,U","68","H,,U","36","H,,U"
"USR0000CBOO","BOONVILLE CALIFORNIA, CA US","2023-01-25","51",",,U","70","H,,U","38","H,,U"
"USR0000CBOO","BOONVILLE CALIFORNIA, CA US","2023-01-26","51",",,U","71","H,,U","39","H,,U"
"USR0000CBOO","BOONVILLE CALIFORNIA, CA US","2023-01-27","47",",,U","64","H,,U","34","H,,U"
"USR0000CBOO","BOONVILLE CALIFORNIA, CA US","2023-01-28","44",",,U","56","H,,U","38","H,,U"
"USR0000CBOO","BOONVILLE CALIFORNIA, CA US","2023-01-29","42",",,U","55","H,,U","32","H,,U"
"USR0000CBOO","BOONVILLE CALIFORNIA, CA US","2023-01-30","40",",,U","60","H,,U","27","H,,U"
"USR0000CBOO","BOONVILLE CALIFORNIA, CA US","2023-01-31","43",",,U","64","H,,U","29","H,,U"
"USR0000CBOO","BOONVILLE CALIFORNIA, CA US","2023-02-01","45",",,U","62","H,,U","34","H,,U"
"USR0000CBOO","BOONVILLE CALIFORNIA, CA US","2023-02-02","51",",,U","60","H,,U","40","H,,U"
"USR0000CBOO","BOONVILLE CALIFORNIA, CA US","2023-02-03","49",",,U","57","H,,U","43","H,,U"
"USR0000CBOO","BOONVILLE CALIFORNIA, CA US","2023-02-04","49",",,U","54","H,,U","43","H,,U"
"USR0000CBOO","BOONVILLE CALIFORNIA, CA US","2023-02-05","45",",,U","48","H,,U","42","H,,U"
"USR0000CBOO","BOONVILLE CALIFORNIA, CA US","2023-02-06","44",",,U","56","H,,U","36","H,,U"
"USR0000CBOO","BOONVILLE CALIFORNIA, CA US","2023-02-07","44",",,U","59","H,,U","35","H,,U"
"USR0000CBOO","BOONVILLE CALIFORNIA, CA US","2023-02-08","46",",,U","63","H,,U","34","H,,U"
"USR0000CBOO","BOONVILLE CALIFORNIA, CA US","2023-02-09","48",",,U","67","H,,U","37","H,,U"
"USR0000CBOO","BOONVILLE CALIFORNIA, CA US","2023-02-10","42",",,U","55","H,,U","33","H,,U"
"USR0000CBOO","BOONVILLE CALIFORNIA, CA US","2023-02-11","44",",,U","56","H,,U","37","H,,U"
"USR0000CBOO","BOONVILLE CALIFORNIA, CA US","2023-02-12","48",",,U","70","H,,U","34","H,,U"
"USR0000CBOO","BOONVILLE CALIFORNIA, CA US","2023-02-13","45",",,U","56","H,,U","35","H,,U"
"USR0000CBOO","BOONVILLE CALIFORNIA, CA US","2023-02-14","39",",,U","47","H,,U","32","H,,U"
"USR0000CBOO","BOONVILLE CALIFORNIA, CA US","2023-02-15","40",",,U","61","H,,U","26","H,,U"
"USR0000CBOO","BOONVILLE CALIFORNIA, CA US","2023-02-16","44",",,U","55","H,,U","31","H,,U"
"USR0000CBOO","BOONVILLE CALIFORNIA, CA US","2023-02-17","48",",,U","63","H,,U","36","H,,U"
"USR0000CBOO","BOONVILLE CALIFORNIA, CA US","2023-02-18","45",",,U","65","H,,U","30","H,,U"
"USR0000CBOO","BOONVILLE CALIFORNIA, CA US","2023-02-19","50",",,U","72","H,,U","33","H,,U"
"USR0000CBOO","BOONVILLE CALIFORNIA, CA US","2023-02-20","54",",,U","72","H,,U","40","H,,U"
"USR0000CBOO","BOONVILLE CALIFORNIA, CA US","2023-02-21","43",",,U","49","H,,U","36","H,,U"
"USR0000CBOO","BOONVILLE CALIFORNIA, CA US","2023-02-22","37",",,U","45","H,,U","33","H,,U"
"USR0000CBOO","BOONVILLE CALIFORNIA, CA US","2023-02-23","35",",,U","43","H,,U","31","H,,U"
"USR0000CBOO","BOONVILLE CALIFORNIA, CA US","2023-02-24","36",",,U","45","H,,U","32","H,,U"
"USR0000CBOO","BOONVILLE CALIFORNIA, CA US","2023-02-25","41",",,U","54","H,,U","32","H,,U"
"USR0000CBOO","BOONVILLE CALIFORNIA, CA US","2023-02-26","42",",,U","51","H,,U","35","H,,U"
"USR0000CBOO","BOONVILLE CALIFORNIA, CA US","2023-02-27","39",",,U","46","H,,U","35","H,,U"
"USR0000CBOO","BOONVILLE CALIFORNIA, CA US","2023-02-28","41",",,U","47","H,,U","34","H,,U"
"USR0000CBOO","BOONVILLE CALIFORNIA, CA US","2023-03-01","39",",,U","51","H,,U","31","H,,U"
"USR0000CBOO","BOONVILLE CALIFORNIA, CA US","2023-03-02","41",",,U","57","H,,U","29","H,,U"
"USR0000CBOO","BOONVILLE CALIFORNIA, CA US","2023-03-03","44",",,U","54","H,,U","39","H,,U"
"USR0000CBOO","BOONVILLE CALIFORNIA, CA US","2023-03-04","41",",,U","47","H,,U","38","H,,U"
"USR0000CBOO","BOONVILLE CALIFORNIA, CA US","2023-03-05","40",",,U","48","H,,U","36","H,,U"
"USR0000CBOO","BOONVILLE CALIFORNIA, CA US","2023-03-06","40",",,U","49","H,,U","35","H,,U"
"USR0000CBOO","BOONVILLE CALIFORNIA, CA US","2023-03-07","41",",,U","47","H,,U","34","H,,U"
"USR0000CBOO","BOONVILLE CALIFORNIA, CA US","2023-03-08","43",",,U","55","H,,U","34","H,,U"
"USR0000CBOO","BOONVILLE CALIFORNIA, CA US","2023-03-09","43",",,U","50","H,,U","35","H,,U"
"USR0000CBOO","BOONVILLE CALIFORNIA, CA US","2023-03-10","47",",,U","58","H,,U","40","H,,U"
"USR0000CBOO","BOONVILLE CALIFORNIA, CA US","2023-03-11","47",",,U","52","H,,U","40","H,,U"
"USR0000CBOO","BOONVILLE CALIFORNIA, CA US","2023-03-12","53",",,U","56","H,,U","50","H,,U"
"USR0000CBOO","BOONVILLE CALIFORNIA, CA US","2023-03-13","53",",,U","57","H,,U","51","H,,U"
"USR0000CBOO","BOONVILLE CALIFORNIA, CA US","2023-03-14","51",",,U","58","H,,U","43","H,,U"
"USR0000CBOO","BOONVILLE CALIFORNIA, CA US","2023-03-15","45",",,U","59","H,,U","35","H,,U"
"USR0000CBOO","BOONVILLE CALIFORNIA, CA US","2023-03-16","48",",,U","66","H,,U","34","H,,U"
"USR0000CBOO","BOONVILLE CALIFORNIA, CA US","2023-03-17","48",",,U","68","H,,U","35","H,,U"
"USR0000CBOO","BOONVILLE CALIFORNIA, CA US","2023-03-18","53",",,U","64","H,,U","39","H,,U"
"USR0000CBOO","BOONVILLE CALIFORNIA, CA US","2023-03-19","51",",,U","57","H,,U","47","H,,U"
"USR0000CBOO","BOONVILLE CALIFORNIA, CA US","2023-03-20","47",",,U","59","H,,U","40","H,,U"
"USR0000CBOO","BOONVILLE CALIFORNIA, CA US","2023-03-21","45",",,U","52","H,,U","40","H,,U"
"USR0000CBOO","BOONVILLE CALIFORNIA, CA US","2023-03-22","48",",,U","58","H,,U","41","H,,U"
"USR0000CBOO","BOONVILLE CALIFORNIA, CA US","2023-03-23","46",",,U","53","H,,U","40","H,,U"
"USR0000CBOO","BOONVILLE CALIFORNIA, CA US","2023-03-24","42",",,U","51","H,,U","34","H,,U"
"USR0000CBOO","BOONVILLE CALIFORNIA, CA US","2023-03-25","42",",,U","53","H,,U","30","H,,U"
"USR0000CBOO","BOONVILLE CALIFORNIA, CA US","2023-03-26","42",",,U","56","H,,U","29","H,,U"
"USR0000CBOO","BOONVILLE CALIFORNIA, CA US","2023-03-27","44",",,U","58","H,,U","30","H,,U"
"USR0000CBOO","BOONVILLE CALIFORNIA, CA US","2023-03-28","45",",,U","50","H,,U","41","H,,U"
"USR0000CBOO","BOONVILLE CALIFORNIA, CA US","2023-03-29","44",",,U","54","H,,U","39","H,,U"
"USR0000CBOO","BOONVILLE CALIFORNIA, CA US","2023-03-30","44",",,U","54","H,,U","35","H,,U"
"USR0000CBOO","BOONVILLE CALIFORNIA, CA US","2023-03-31","45",",,U","54","H,,U","38","H,,U"
"USR0000CBOO","BOONVILLE CALIFORNIA, CA US","2023-04-01","47",",,U","55","H,,U","38","H,,U"
"USR0000CBOO","BOONVILLE CALIFORNIA, CA US","2023-04-02","45",",,U","53","H,,U","40","H,,U"
"USR0000CBOO","BOONVILLE CALIFORNIA, CA US","2023-04-03","42",",,U","52","H,,U","33","H,,U"
"USR0000CBOO","BOONVILLE CALIFORNIA, CA US","2023-04-04","43",",,U","54","H,,U","30","H,,U"
"USR0000CBOO","BOONVILLE CALIFORNIA, CA US","2023-04-05","47",",,U","60","H,,U","38","H,,U"
"USR0000CBOO","BOONVILLE CALIFORNIA, CA US","2023-04-06","49",",,U","57","H,,U","39","H,,U"
"USR0000CBOO","BOONVILLE CALIFORNIA, CA US","2023-04-07","51",",,U","60","H,,U","46","H,,U"
"USR0000CBOO","BOONVILLE CALIFORNIA, CA US","2023-04-08","53",",,U","68","H,,U","43","H,,U"
"USR0000CBOO","BOONVILLE CALIFORNIA, CA US","2023-04-09","56",",,U","73","H,,U","40","H,,U"
"USR0000CBOO","BOONVILLE CALIFORNIA, CA US","2023-04-10","58",",,U","76","H,,U","46","H,,U"
"USR0000CBOO","BOONVILLE CALIFORNIA, CA US","2023-04-11","51",",,U","58","H,,U","43","H,,U"
"USR0000CBOO","BOONVILLE CALIFORNIA, CA US","2023-04-12","46",",,U","55","H,,U","37","H,,U"
"USR0000CBOO","BOONVILLE CALIFORNIA, CA US","2023-04-13","46",",,U","61","H,,U","32","H,,U"
"USR0000CBOO","BOONVILLE CALIFORNIA, CA US","2023-04-14","49",",,U","63","H,,U","38","H,,U"
"USR0000CBOO","BOONVILLE CALIFORNIA, CA US","2023-04-15","50",",,U","66","H,,U","43","H,,U"
"USR0000CBOO","BOONVILLE CALIFORNIA, CA US","2023-04-16","51",",,U","64","H,,U","42","H,,U"
"USR0000CBOO","BOONVILLE CALIFORNIA, CA US","2023-04-17","49",",,U","58","H,,U","40","H,,U"
"USR0000CBOO","BOONVILLE CALIFORNIA, CA US","2023-04-18","46",",,U","56","H,,U","39","H,,U"
"USR0000CBOO","BOONVILLE CALIFORNIA, CA US","2023-04-19","48",",,U","65","H,,U","40","H,,U"
"USR0000CBOO","BOONVILLE CALIFORNIA, CA US","2023-04-20","51",",,U","66","H,,U","39","H,,U"
"USR0000CBOO","BOONVILLE CALIFORNIA, CA US","2023-04-21","56",",,U","74","H,,U","40","H,,U"
"USR0000CBOO","BOONVILLE CALIFORNIA, CA US","2023-04-22","58",",,U","73","H,,U","45","H,,U"
"USR0000CBOO","BOONVILLE CALIFORNIA, CA US","2023-04-23","56",",,U","68","H,,U","47","H,,U"
"USR0000CBOO","BOONVILLE CALIFORNIA, CA US","2023-04-24","53",",,U","66","H,,U","44","H,,U"
"USR0000CBOO","BOONVILLE CALIFORNIA, CA US","2023-04-25","60",",,U","85","H,,U","39","H,,U"
"USR0000CBOO","BOONVILLE CALIFORNIA, CA US","2023-04-26","68",",,U","89","H,,U","46","H,,U"
"USR0000CBOO","BOONVILLE CALIFORNIA, CA US","2023-04-27","71",",,U","95","H,,U","51","H,,U"
"USR0000CBOO","BOONVILLE CALIFORNIA, CA US","2023-04-28","66",",,U","92","H,,U","50","H,,U"
"USR0000CBOO","BOONVILLE CALIFORNIA, CA US","2023-04-29","59",",,U","80","H,,U","45","H,,U"
"USR0000CBOO","BOONVILLE CALIFORNIA, CA US","2023-04-30","51",",,U","61","H,,U","44","H,,U"
"USR0000CBOO","BOONVILLE CALIFORNIA, CA US","2023-05-01","49",",,U","52","H,,U","46","H,,U"
"USR0000CBOO","BOONVILLE CALIFORNIA, CA US","2023-05-02","50",",,U","59","H,,U","45","H,,U"
"USR0000CBOO","BOONVILLE CALIFORNIA, CA US","2023-05-03","51",",,U","61","H,,U","45","H,,U"
"USR0000CBOO","BOONVILLE CALIFORNIA, CA US","2023-05-04","51",",,U","60","H,,U","46","H,,U"
"USR0000CBOO","BOONVILLE CALIFORNIA, CA US","2023-05-05","51",",,U","57","H,,U","46","H,,U"
"USR0000CBOO","BOONVILLE CALIFORNIA, CA US","2023-05-06","53",",,U","64","H,,U","43","H,,U"
"USR0000CBOO","BOONVILLE CALIFORNIA, CA US","2023-05-07","53",",,U","64","H,,U","42","H,,U"
"USR0000CBOO","BOONVILLE CALIFORNIA, CA US","2023-05-08","53",",,U","62","H,,U","45","H,,U"
"USR0000CBOO","BOONVILLE CALIFORNIA, CA US","2023-05-09","55",",,U","70","H,,U","45","H,,U"
"USR0000CBOO","BOONVILLE CALIFORNIA, CA US","2023-05-10","54",",,U","66","H,,U","47","H,,U"
"USR0000CBOO","BOONVILLE CALIFORNIA, CA US","2023-05-11","57",",,U","70","H,,U","48","H,,U"
"USR0000CBOO","BOONVILLE CALIFORNIA, CA US","2023-05-12","59",",,U","80","H,,U","48","H,,U"
"USR0000CBOO","BOONVILLE CALIFORNIA, CA US","2023-05-13","70",",,U","95","H,,U","46","H,,U"
"USR0000CBOO","BOONVILLE CALIFORNIA, CA US","2023-05-14","70",",,U","87","H,,U","56","H,,U"
"USR0000CBOO","BOONVILLE CALIFORNIA, CA US","2023-05-15","63",",,U","84","H,,U","52","H,,U"
"USR0000CBOO","BOONVILLE CALIFORNIA, CA US","2023-05-16","64",",,U","88","H,,U","51","H,,U"
"USR0000CBOO","BOONVILLE CALIFORNIA, CA US","2023-05-17","63",",,U","84","H,,U","46","H,,U"
"USR0000CBOO","BOONVILLE CALIFORNIA, CA US","2023-05-18","62",",,U","80","H,,U","48","H,,U"
"USR0000CBOO","BOONVILLE CALIFORNIA, CA US","2023-05-19","59",",,U","77","H,,U","46","H,,U"
"USR0000CBOO","BOONVILLE CALIFORNIA, CA US","2023-05-20","58",",,U","77","H,,U","50","H,,U"
"USR0000CBOO","BOONVILLE CALIFORNIA, CA US","2023-05-21","61",",,U","79","H,,U","50","H,,U"
"USR0000CBOO","BOONVILLE CALIFORNIA, CA US","2023-05-22","62",",,U","83","H,,U","46","H,,U"
"USR0000CBOO","BOONVILLE CALIFORNIA, CA US","2023-05-23","61",",,U","81","H,,U","46","H,,U"
"USR0000CBOO","BOONVILLE CALIFORNIA, CA US","2023-05-24","58",",,U","77","H,,U","44","H,,U"
"USR0000CBOO","BOONVILLE CALIFORNIA, CA US","2023-05-25","59",",,U","79","H,,U","46","H,,U"
"USR0000CBOO","BOONVILLE CALIFORNIA, CA US","2023-05-26","59",",,U","77","H,,U","49","H,,U"
"USR0000CBOO","BOONVILLE CALIFORNIA, CA US","2023-05-27","58",",,U","76","H,,U","49","H,,U"
"USR0000CBOO","BOONVILLE CALIFORNIA, CA US","2023-05-28","61",",,U","84","H,,U","50","H,,U"
"USR0000CBOO","BOONVILLE CALIFORNIA, CA US","2023-05-29","61",",,U","74","H,,U","52","H,,U"
"USR0000CBOO","BOONVILLE CALIFORNIA, CA US","2023-05-30","56",",,U","69","H,,U","49","H,,U"
"USR0000CBOO","BOONVILLE CALIFORNIA, CA US","2023-05-31","58",",,U","75","H,,U","47","H,,U"
"USR0000CBOO","BOONVILLE CALIFORNIA, CA US","2023-06-01","58",",,U","75","H,,U","44","H,,U"
"USR0000CBOO","BOONVILLE CALIFORNIA, CA US","2023-06-02","58",",,U","78","H,,U","41","H,,U"
"USR0000CBOO","BOONVILLE CALIFORNIA, CA US","2023-06-03","63",",,U","85","H,,U","45","H,,U"
"USR0000CBOO","BOONVILLE CALIFORNIA, CA US","2023-06-04","69",",,U","91","H,,U","48","H,,U"
"USR0000CBOO","BOONVILLE CALIFORNIA, CA US","2023-06-05","63",",,U","83","H,,U","50","H,,U"
"USR0000CBOO","BOONVILLE CALIFORNIA, CA US","2023-06-06","60",",,U","71","H,,U","53","H,,U"
"USR0000CBOO","BOONVILLE CALIFORNIA, CA US","2023-06-07","61",",,U","73","H,,U","53","H,,U"
"USR0000CBOO","BOONVILLE CALIFORNIA, CA US","2023-06-08","60",",,U","73","H,,U","53","H,,U"
"USR0000CBOO","BOONVILLE CALIFORNIA, CA US","2023-06-09","58",",,U","69","H,,U","52","H,,U"
"USR0000CBOO","BOONVILLE CALIFORNIA, CA US","2023-06-10","62",",,U","84","H,,U","49","H,,U"
"USR0000CBOO","BOONVILLE CALIFORNIA, CA US","2023-06-11","65",",,U","85","H,,U","50","H,,U"
"USR0000CBOO","BOONVILLE CALIFORNIA, CA US","2023-06-12","61",",,U","80","H,,U","52","H,,U"
"USR0000CBOO","BOONVILLE CALIFORNIA, CA US","2023-06-13","63",",,U","80","H,,U","51","H,,U"
"USR0000CBOO","BOONVILLE CALIFORNIA, CA US","2023-06-14","65",",,U","82","H,,U","49","H,,U"
"USR0000CBOO","BOONVILLE CALIFORNIA, CA US","2023-06-15","67",",,U","86","H,,U","50","H,,U"
"USR0000CBOO","BOONVILLE CALIFORNIA, CA US","2023-06-16","67",",,U","89","H,,U","51","H,,U"
"USR0000CBOO","BOONVILLE CALIFORNIA, CA US","2023-06-17","65",",,U","84","H,,U","51","H,,U"
"USR0000CBOO","BOONVILLE CALIFORNIA, CA US","2023-06-18","59",",,U","73","H,,U","49","H,,U"
"USR0000CBOO","BOONVILLE CALIFORNIA, CA US","2023-06-19","55",",,U","65","H,,U","47","H,,U"
"USR0000CBOO","BOONVILLE CALIFORNIA, CA US","2023-06-20","57",",,U","70","H,,U","45","H,,U"
"USR0000CBOO","BOONVILLE CALIFORNIA, CA US","2023-06-21","61",",,U","80","H,,U","44","H,,U"
"USR0000CBOO","BOONVILLE CALIFORNIA, CA US","2023-06-22","60",",,U","81","H,,U","48","H,,U"
"USR0000CBOO","BOONVILLE CALIFORNIA, CA US","2023-06-23","59",",,U","71","H,,U","51","H,,U"
"USR0000CBOO","BOONVILLE CALIFORNIA, CA US","2023-06-24","60",",,U","72","H,,U","53","H,,U"
"USR0000CBOO","BOONVILLE CALIFORNIA, CA US","2023-06-25","60",",,U","75","H,,U","51","H,,U"
"USR0000CBOO","BOONVILLE CALIFORNIA, CA US","2023-06-26","59",",,U","77","H,,U","50","H,,U"
"USR0000CBOO","BOONVILLE CALIFORNIA, CA US","2023-06-27","60",",,U","79","H,,U","51","H,,U"
"USR0000CBOO","BOONVILLE CALIFORNIA, CA US","2023-06-28","64",",,U","85","H,,U","49","H,,U"
"USR0000CBOO","BOONVILLE CALIFORNIA, CA US","2023-06-29","70",",,U","92","H,,U","48","H,,U"
"USR0000CBOO","BOONVILLE CALIFORNIA, CA US","2023-06-30","77",",,U","99","H,,U","53","H,,U"
"USR0000CBOO","BOONVILLE CALIFORNIA, CA US","2023-07-01","83",",,U","106","H,,U","59","H,,U"
"USR0000CBOO","BOONVILLE CALIFORNIA, CA US","2023-07-02","83",",,U","104","H,,U","60","H,,U"
"USR0000CBOO","BOONVILLE CALIFORNIA, CA US","2023-07-03","73",",,U","93","H,,U","54","H,,U"
"USR0000CBOO","BOONVILLE CALIFORNIA, CA US","2023-07-04","65",",,U","86","H,,U","50","H,,U"
"USR0000CBOO","BOONVILLE CALIFORNIA, CA US","2023-07-05","62",",,U","82","H,,U","51","H,,U"
"USR0000CBOO","BOONVILLE CALIFORNIA, CA US","2023-07-06","62",",,U","82","H,,U","51","H,,U"
"USR0000CBOO","BOONVILLE CALIFORNIA, CA US","2023-07-07","60",",,U","76","H,,U","51","H,,U"
"USR0000CBOO","BOONVILLE CALIFORNIA, CA US","2023-07-08","59",",,U","74","H,,U","51","H,,U"
"USR0000CBOO","BOONVILLE CALIFORNIA, CA US","2023-07-09","60",",,U","74","H,,U","51","H,,U"
"USR0000CBOO","BOONVILLE CALIFORNIA, CA US","2023-07-10","65",",,U","84","H,,U","53","H,,U"
"USR0000CBOO","BOONVILLE CALIFORNIA, CA US","2023-07-11","68",",,U","88","H,,U","50","H,,U"
"USR0000CBOO","BOONVILLE CALIFORNIA, CA US","2023-07-12","66",",,U","85","H,,U","48","H,,U"
"USR0000CBOO","BOONVILLE CALIFORNIA, CA US","2023-07-13","69",",,U","90","H,,U","51","H,,U"
"USR0000CBOO","BOONVILLE CALIFORNIA, CA US","2023-07-14","72",",,U","94","H,,U","52","H,,U"
"USR0000CBOO","BOONVILLE CALIFORNIA, CA US","2023-07-15","75",",,U","98","H,,U","53","H,,U"
"USR0000CBOO","BOONVILLE CALIFORNIA, CA US","2023-07-16","75",",,U","96","H,,U","56","H,,U"
"USR0000CBOO","BOONVILLE CALIFORNIA, CA US","2023-07-17","74",",,U","92","H,,U","59","H,,U"
"USR0000CBOO","BOONVILLE CALIFORNIA, CA US","2023-07-18","68",",,U","86","H,,U","53","H,,U"
"USR0000CBOO","BOONVILLE CALIFORNIA, CA US","2023-07-19","66",",,U","90","H,,U","50","H,,U"
"USR0000CBOO","BOONVILLE CALIFORNIA, CA US","2023-07-20","68",",,U","93","H,,U","50","H,,U"
"USR0000CBOO","BOONVILLE CALIFORNIA, CA US","2023-07-21","72",",,U","94","H,,U","51","H,,U"
"USR0000CBOO","BOONVILLE CALIFORNIA, CA US","2023-07-22","72",",,U","95","H,,U","52","H,,U"
"USR0000CBOO","BOONVILLE CALIFORNIA, CA US","2023-07-23","70",",,U","89","H,,U","55","H,,U"
"USR0000CBOO","BOONVILLE CALIFORNIA, CA US","2023-07-24","66",",,U","82","H,,U","49","H,,U"
"USR0000CBOO","BOONVILLE CALIFORNIA, CA US","2023-07-25","69",",,U","88","H,,U","52","H,,U"
"USR0000CBOO","BOONVILLE CALIFORNIA, CA US","2023-07-26","70",",,U","91","H,,U","54","H,,U"
"USR0000CBOO","BOONVILLE CALIFORNIA, CA US","2023-07-27","64",",,U","83","H,,U","50","H,,U"
"USR0000CBOO","BOONVILLE CALIFORNIA, CA US","2023-07-28","65",",,U","84","H,,U","48","H,,U"
"USR0000CBOO","BOONVILLE CALIFORNIA, CA US","2023-07-29","65",",,U","84","H,,U","49","H,,U"
"USR0000CBOO","BOONVILLE CALIFORNIA, CA US","2023-07-30","66",",,U","86","H,,U","49","H,,U"
"USR0000CBOO","BOONVILLE CALIFORNIA, CA US","2023-07-31","67",",,U","87","H,,U","50","H,,U"
"USR0000CBOO","BOONVILLE CALIFORNIA, CA US","2023-08-01","65",",,U","89","H,,U","51","H,,U"
"USR0000CBOO","BOONVILLE CALIFORNIA, CA US","2023-08-02","64",",,U","78","H,,U","52","H,,U"
"USR0000CBOO","BOONVILLE CALIFORNIA, CA US","2023-08-03","63",",,U","79","H,,U","52","H,,U"
"USR0000CBOO","BOONVILLE CALIFORNIA, CA US","2023-08-04","66",",,U","85","H,,U","55","H,,U"
"USR0000CBOO","BOONVILLE CALIFORNIA, CA US","2023-08-05","69",",,U","89","H,,U","55","H,,U"
"USR0000CBOO","BOONVILLE CALIFORNIA, CA US","2023-08-06","72",",,U","92","H,,U","52","H,,U"
"USR0000CBOO","BOONVILLE CALIFORNIA, CA US","2023-08-07","72",",,U","91","H,,U","56","H,,U"
"USR0000CBOO","BOONVILLE CALIFORNIA, CA US","2023-08-08","71",",,U","91","H,,U","54","H,,U"
"USR0000CBOO","BOONVILLE CALIFORNIA, CA US","2023-08-09","67",",,U","84","H,,U","53","H,,U"
"USR0000CBOO","BOONVILLE CALIFORNIA, CA US","2023-08-10","68",",,U","86","H,,U","54","H,,U"
"USR0000CBOO","BOONVILLE CALIFORNIA, CA US","2023-08-11","71",",,U","91","H,,U","53","H,,U"
"USR0000CBOO","BOONVILLE CALIFORNIA, CA US","2023-08-12","76",",,U","97","H,,U","57","H,,U"
"USR0000CBOO","BOONVILLE CALIFORNIA, CA US","2023-08-13","77",",,U","101","H,,U","58","H,,U"
"USR0000CBOO","BOONVILLE CALIFORNIA, CA US","2023-08-14","75",",,U","95","H,,U","62","H,,U"
"USR0000CBOO","BOONVILLE CALIFORNIA, CA US","2023-08-15","78",",,U","104","H,,U","61","H,,U"
"USR0000CBOO","BOONVILLE CALIFORNIA, CA US","2023-08-16","80",",,U","104","H,,U","61","H,,U"
"USR0000CBOO","BOONVILLE CALIFORNIA, CA US","2023-08-17","77",",,U","96","H,,U","60","H,,U"
"USR0000CBOO","BOONVILLE CALIFORNIA, CA US","2023-08-18","68",",,U","89","H,,U","55","H,,U"
"USR0000CBOO","BOONVILLE CALIFORNIA, CA US","2023-08-19","69",",,U","93","H,,U","55","H,,U"
"USR0000CBOO","BOONVILLE CALIFORNIA, CA US","2023-08-20","66",",,U","76","H,,U","54","H,,U"
"USR0000CBOO","BOONVILLE CALIFORNIA, CA US","2023-08-21","68",",,U","74","H,,U","60","H,,U"
"USR0000CBOO","BOONVILLE CALIFORNIA, CA US","2023-08-22","68",",,U","84","H,,U","59","H,,U"
"USR0000CBOO","BOONVILLE CALIFORNIA, CA US","2023-08-23","74",",,U","94","H,,U","57","H,,U"
"USR0000CBOO","BOONVILLE CALIFORNIA, CA US","2023-08-24","75",",,U","94","H,,U","59","H,,U"
"USR0000CBOO","BOONVILLE CALIFORNIA, CA US","2023-08-25","65",",,U","82","H,,U","55","H,,U"
"USR0000CBOO","BOONVILLE CALIFORNIA, CA US","2023-08-26","64",",,U","85","H,,U","52","H,,U"
"USR0000CBOO","BOONVILLE CALIFORNIA, CA US","2023-08-27","64",",,U","85","H,,U","47","H,,U"
"USR0000CBOO","BOONVILLE CALIFORNIA, CA US","2023-08-28","65",",,U","86","H,,U","49","H,,U"
"USR0000CBOO","BOONVILLE CALIFORNIA, CA US","2023-08-29","65",",,U","82","H,,U","53","H,,U"
"USR0000CBOO","BOONVILLE CALIFORNIA, CA US","2023-08-30","68",",,U","88","H,,U","51","H,,U"
"USR0000CBOO","BOONVILLE CALIFORNIA, CA US","2023-08-31","65",",,U","82","H,,U","52","H,,U"
"USR0000CBOO","BOONVILLE CALIFORNIA, CA US","2023-09-01","63",",,U","73","H,,U","58","H,,U"
"USR0000CBOO","BOONVILLE CALIFORNIA, CA US","2023-09-02","65",",,U","71","H,,U","60","H,,U"
"USR0000CBOO","BOONVILLE CALIFORNIA, CA US","2023-09-03","64",",,U","76","H,,U","56","H,,U"
"USR0000CBOO","BOONVILLE CALIFORNIA, CA US","2023-09-04","64",",,U","81","H,,U","54","H,,U"
"USR0000CBOO","BOONVILLE CALIFORNIA, CA US","2023-09-05","68",",,U","89","H,,U","50","H,,U"
"USR0000CBOO","BOONVILLE CALIFORNIA, CA US","2023-09-06","65",",,U","85","H,,U","53","H,,U"
"USR0000CBOO","BOONVILLE CALIFORNIA, CA US","2023-09-07","65",",,U","85","H,,U","49","H,,U"
"USR0000CBOO","BOONVILLE CALIFORNIA, CA US","2023-09-08","66",",,U","87","H,,U","51","H,,U"
"USR0000CBOO","BOONVILLE CALIFORNIA, CA US","2023-09-09","64",",,U","88","H,,U","47","H,,U"
"USR0000CBOO","BOONVILLE CALIFORNIA, CA US","2023-09-10","63",",,U","84","H,,U","45","H,,U"
"USR0000CBOO","BOONVILLE CALIFORNIA, CA US","2023-09-11","64",",,U","83","H,,U","49","H,,U"
"USR0000CBOO","BOONVILLE CALIFORNIA, CA US","2023-09-12","66",",,U","83","H,,U","55","H,,U"
"USR0000CBOO","BOONVILLE CALIFORNIA, CA US","2023-09-13","70",",,U","93","H,,U","53","H,,U"
"USR0000CBOO","BOONVILLE CALIFORNIA, CA US","2023-09-14","70",",,U","93","H,,U","56","H,,U"
"USR0000CBOO","BOONVILLE CALIFORNIA, CA US","2023-09-15","65",",,U","87","H,,U","51","H,,U"
"USR0000CBOO","BOONVILLE CALIFORNIA, CA US","2023-09-16","62",",,U","81","H,,U","53","H,,U"
"USR0000CBOO","BOONVILLE CALIFORNIA, CA US","2023-09-17","64",",,U","78","H,,U","57","H,,U"
"USR0000CBOO","BOONVILLE CALIFORNIA, CA US","2023-09-18","63",",,U","80","H,,U","51","H,,U"
"USR0000CBOO","BOONVILLE CALIFORNIA, CA US","2023-09-19","65",",,U","83","H,,U","54","H,,U"
"USR0000CBOO","BOONVILLE CALIFORNIA, CA US","2023-09-20","61",",,U","79","H,,U","50","H,,U"
"USR0000CBOO","BOONVILLE CALIFORNIA, CA US","2023-09-21","61",",,U","79","H,,U","47","H,,U"
"USR0000CBOO","BOONVILLE CALIFORNIA, CA US","2023-09-22","61",",,U","82","H,,U","44","H,,U"
"USR0000CBOO","BOONVILLE CALIFORNIA, CA US","2023-09-23","58",",,U","75","H,,U","45","H,,U"
"USR0000CBOO","BOONVILLE CALIFORNIA, CA US","2023-09-24","60",",,U","73","H,,U","50","H,,U"
"USR0000CBOO","BOONVILLE CALIFORNIA, CA US","2023-09-25","62",",,U","69","H,,U","58","H,,U"
"USR0000CBOO","BOONVILLE CALIFORNIA, CA US","2023-09-26","62",",,U","75","H,,U","52","H,,U"
"USR0000CBOO","BOONVILLE CALIFORNIA, CA US","2023-09-27","58",",,U","74","H,,U","48","H,,U"
"USR0000CBOO","BOONVILLE CALIFORNIA, CA US","2023-09-28","57",",,U","73","H,,U","45","H,,U"
"USR0000CBOO","BOONVILLE CALIFORNIA, CA US","2023-09-29","58",",,U","69","H,,U","47","H,,U"
"USR0000CBOO","BOONVILLE CALIFORNIA, CA US","2023-09-30","58",",,U","65","H,,U","52","H,,U"
"USR0000CBOO","BOONVILLE CALIFORNIA, CA US","2023-10-01","58",",,U","75","H,,U","48","H,,U"
"USR0000CBOO","BOONVILLE CALIFORNIA, CA US","2023-10-02","61",",,U","79","H,,U","45","H,,U"
"USR0000CBOO","BOONVILLE CALIFORNIA, CA US","2023-10-03","64",",,U","81","H,,U","49","H,,U"
"USR0000CBOO","BOONVILLE CALIFORNIA, CA US","2023-10-04","71",",,U","92","H,,U","54","H,,U"
"USR0000CBOO","BOONVILLE CALIFORNIA, CA US","2023-10-05","73",",,U","95","H,,U","56","H,,U"
"USR0000CBOO","BOONVILLE CALIFORNIA, CA US","2023-10-06","73",",,U","95","H,,U","56","H,,U"
"USR0000CBOO","BOONVILLE CALIFORNIA, CA US","2023-10-07","70",",,U","94","H,,U","53","H,,U"
"USR0000CBOO","BOONVILLE CALIFORNIA, CA US","2023-10-08","67",",,U","91","H,,U","51","H,,U"
"USR0000CBOO","BOONVILLE CALIFORNIA, CA US","2023-10-09","59",",,U","65","H,,U","52","H,,U"
"USR0000CBOO","BOONVILLE CALIFORNIA, CA US","2023-10-10","57",",,U","62","H,,U","53","H,,U"
"USR0000CBOO","BOONVILLE CALIFORNIA, CA US","2023-10-11","57",",,U","67","H,,U","48","H,,U"
"USR0000CBOO","BOONVILLE CALIFORNIA, CA US","2023-10-12","59",",,U","81","H,,U","44","H,,U"
"USR0000CBOO","BOONVILLE CALIFORNIA, CA US","2023-10-13","57",",,U","71","H,,U","46","H,,U"
"USR0000CBOO","BOONVILLE CALIFORNIA, CA US","2023-10-14","61",",,U","70","H,,U","55","H,,U"
"USR0000CBOO","BOONVILLE CALIFORNIA, CA US","2023-10-15","64",",,U","82","H,,U","52","H,,U"
"USR0000CBOO","BOONVILLE CALIFORNIA, CA US","2023-10-16","61",",,U","72","H,,U","50","H,,U"
"USR0000CBOO","BOONVILLE CALIFORNIA, CA US","2023-10-17","64",",,U","79","H,,U","56","H,,U"
"USR0000CBOO","BOONVILLE CALIFORNIA, CA US","2023-10-18","69",",,U","90","H,,U","52","H,,U"
"USR0000CBOO","BOONVILLE CALIFORNIA, CA US","2023-10-19","72",",,U","98","H,,U","54","H,,U"
"USR0000CBOO","BOONVILLE CALIFORNIA, CA US","2023-10-20","66",",,U","85","H,,U","54","H,,U"
"USR0000CBOO","BOONVILLE CALIFORNIA, CA US","2023-10-21","59",",,U","67","H,,U","53","H,,U"
"USR0000CBOO","BOONVILLE CALIFORNIA, CA US","2023-10-22","59",",,U","66","H,,U","55","H,,U"
"USR0000CBOO","BOONVILLE CALIFORNIA, CA US","2023-10-23","60",",,U","71","H,,U","52","H,,U"
"USR0000CBOO","BOONVILLE CALIFORNIA, CA US","2023-10-24","57",",,U","75","H,,U","47","H,,U"
"USR0000CBOO","BOONVILLE CALIFORNIA, CA US","2023-10-25","49",",,U","55","H,,U","43","H,,U"
"USR0000CBOO","BOONVILLE CALIFORNIA, CA US","2023-10-26","47",",,U","64","H,,U","38","H,,U"
"USR0000CBOO","BOONVILLE CALIFORNIA, CA US","2023-10-27","46",",,U","63","H,,U","32","H,,U"
"USR0000CBOO","BOONVILLE CALIFORNIA, CA US","2023-10-28","50",",,U","71","H,,U","36","H,,U"
"USR0000CBOO","BOONVILLE CALIFORNIA, CA US","2023-10-29","54",",,U","78","H,,U","37","H,,U"
"USR0000CBOO","BOONVILLE CALIFORNIA, CA US","2023-10-30","55",",,U","78","H,,U","40","H,,U"
"USR0000CBOO","BOONVILLE CALIFORNIA, CA US","2023-10-31","56",",,U","78","H,,U","41","H,,U"
"USR0000CBOO","BOONVILLE CALIFORNIA, CA US","2023-11-01","58",",,U","78","H,,U","44","H,,U"
"USR0000CBOO","BOONVILLE CALIFORNIA, CA US","2023-11-02","58",",,U","71","H,,U","45","H,,U"
"USR0000CBOO","BOONVILLE CALIFORNIA, CA US","2023-11-03","63",",,U","79","H,,U","51","H,,U"
"USR0000CBOO","BOONVILLE CALIFORNIA, CA US","2023-11-04","62",",,U","79","H,,U","55","H,,U"
"USR0000CBOO","BOONVILLE CALIFORNIA, CA US","2023-11-05","61",",,U","68","H,,U","57","H,,U"
"USR0000CBOO","BOONVILLE CALIFORNIA, CA US","2023-11-06","56",",,U","65","H,,U","48","H,,U"
"USR0000CBOO","BOONVILLE CALIFORNIA, CA US","2023-11-07","51",",,U","61","H,,U","45","H,,U"
"USR0000CBOO","BOONVILLE CALIFORNIA, CA US","2023-11-08","51",",,U","68","H,,U","42","H,,U"
"USR0000CBOO","BOONVILLE CALIFORNIA, CA US","2023-11-09","49",",,U","64","H,,U","37","H,,U"
"USR0000CBOO","BOONVILLE CALIFORNIA, CA US","2023-11-10","53",",,U","63","H,,U","44","H,,U"
"USR0000CBOO","BOONVILLE CALIFORNIA, CA US","2023-11-11","53",",,U","66","H,,U","45","H,,U"
"USR0000CBOO","BOONVILLE CALIFORNIA, CA US","2023-11-12","54",",,U","73","H,,U","43","H,,U"
"USR0000CBOO","BOONVILLE CALIFORNIA, CA US","2023-11-13","55",",,U","68","H,,U","46","H,,U"
"USR0000CBOO","BOONVILLE CALIFORNIA, CA US","2023-11-14","55",",,U","60","H,,U","52","H,,U"
"USR0000CBOO","BOONVILLE CALIFORNIA, CA US","2023-11-15","56",",,U","63","H,,U","51","H,,U"
"USR0000CBOO","BOONVILLE CALIFORNIA, CA US","2023-11-16","58",",,U","67","H,,U","53","H,,U"
"USR0000CBOO","BOONVILLE CALIFORNIA, CA US","2023-11-17","58",",,U","71","H,,U","51","H,,U"
"USR0000CBOO","BOONVILLE CALIFORNIA, CA US","2023-11-18","55",",,U","60","H,,U","47","H,,U"
"USR0000CBOO","BOONVILLE CALIFORNIA, CA US","2023-11-19","47",",,U","58","H,,U","41","H,,U"
"USR0000CBOO","BOONVILLE CALIFORNIA, CA US","2023-11-20","50",",,U","71","H,,U","36","H,,U"
"USR0000CBOO","BOONVILLE CALIFORNIA, CA US","2023-11-21","52",",,U","72","H,,U","42","H,,U"
"USR0000CBOO","BOONVILLE CALIFORNIA, CA US","2023-11-22","49",",,U","61","H,,U","40","H,,U"
"USR0000CBOO","BOONVILLE CALIFORNIA, CA US","2023-11-23","49",",,U","65","H,,U","38","H,,U"
"USR0000CBOO","BOONVILLE CALIFORNIA, CA US","2023-11-24","45",",,U","65","H,,U","34","H,,U"
"USR0000CBOO","BOONVILLE CALIFORNIA, CA US","2023-11-25","44",",,U","65","H,,U","32","H,,U"
"USR0000CBOO","BOONVILLE CALIFORNIA, CA US","2023-11-26","44",",,U","66","H,,U","30","H,,U"
"USR0000CBOO","BOONVILLE CALIFORNIA, CA US","2023-11-27","46",",,U","66","H,,U","32","H,,U"
"USR0000CBOO","BOONVILLE CALIFORNIA, CA US","2023-11-28","50",",,U","63","H,,U","37","H,,U"
"USR0000CBOO","BOONVILLE CALIFORNIA, CA US","2023-11-29","52",",,U","63","H,,U","43","H,,U"
"USR0000CBOO","BOONVILLE CALIFORNIA, CA US","2023-11-30","46",",,U","57","H,,U","41","H,,U"
"USR0000CBOO","BOONVILLE CALIFORNIA, CA US","2023-12-01","48",",,U","53","H,,U","42","H,,U"
"USR0000CBOO","BOONVILLE CALIFORNIA, CA US","2023-12-02","53",",,U","58","H,,U","47","H,,U"
"USR0000CBOO","BOONVILLE CALIFORNIA, CA US","2023-12-03","54",",,U","59","H,,U","50","H,,U"
"USR0000CBOO","BOONVILLE CALIFORNIA, CA US","2023-12-04","56",",,U","67","H,,U","50","H,,U"
"USR0000CBOO","BOONVILLE CALIFORNIA, CA US","2023-12-05","56",",,U","70","H,,U","47","H,,U"
"USR0000CBOO","BOONVILLE CALIFORNIA, CA US","2023-12-06","53",",,U","56","H,,U","46","H,,U"
"USR0000CBOO","BOONVILLE CALIFORNIA, CA US","2023-12-07","47",",,U","55","H,,U","43","H,,U"
"USR0000CBOO","BOONVILLE CALIFORNIA, CA US","2023-12-08","43",",,U","54","H,,U","36","H,,U"
"USR0000CBOO","BOONVILLE CALIFORNIA, CA US","2023-12-09","43",",,U","60","H,,U","34","H,,U"
"USR0000CBOO","BOONVILLE CALIFORNIA, CA US","2023-12-10","43",",,U","60","H,,U","34","H,,U"
"USR0000CBOO","BOONVILLE CALIFORNIA, CA US","2023-12-11","49",",,U","64","H,,U","37","H,,U"
"USR0000CBOO","BOONVILLE CALIFORNIA, CA US","2023-12-12","51",",,U","61","H,,U","46","H,,U"
"USR0000CBOO","BOONVILLE CALIFORNIA, CA US","2023-12-13","48",",,U","65","H,,U","38","H,,U"
"USR0000CBOO","BOONVILLE CALIFORNIA, CA US","2023-12-14","48",",,U","60","H,,U","39","H,,U"
"USR0000CBOO","BOONVILLE CALIFORNIA, CA US","2023-12-15","53",",,U","65","H,,U","45","H,,U"
"USR0000CBOO","BOONVILLE CALIFORNIA, CA US","2023-12-16","56",",,U","73","H,,U","44","H,,U"
"USR0000CBOO","BOONVILLE CALIFORNIA, CA US","2023-12-17","52",",,U","54","H,,U","49","H,,U"
"USR0000CBOO","BOONVILLE CALIFORNIA, CA US","2023-12-18","54",",,U","60","H,,U","51","H,,U"
"USR0000CBOO","BOONVILLE CALIFORNIA, CA US","2023-12-19","56",",,U","59","H,,U","51","H,,U"
"USR0000CBOO","BOONVILLE CALIFORNIA, CA US","2023-12-20","53",",,U","60","H,,U","46","H,,U"
"USR0000CBOO","BOONVILLE CALIFORNIA, CA US","2023-12-21","54",",,U","71","H,,U","46","H,,U"
"USR0000CBOO","BOONVILLE CALIFORNIA, CA US","2023-12-22","49",",,U","60","H,,U","43","H,,U"
"USR0000CBOO","BOONVILLE CALIFORNIA, CA US","2023-12-23","46",",,U","62","H,,U","37","H,,U"
"USR0000CBOO","BOONVILLE CALIFORNIA, CA US","2023-12-24","44",",,U","54","H,,U","36","H,,U"
"USR0000CBOO","BOONVILLE CALIFORNIA, CA US","2023-12-25","48",",,U","59","H,,U","41","H,,U"
"USR0000CBOO","BOONVILLE CALIFORNIA, CA US","2023-12-26","50",",,U","58","H,,U","43","H,,U"
"USR0000CBOO","BOONVILLE CALIFORNIA, CA US","2023-12-27","53",",,U","55","H,,U","51","H,,U"
"USR0000CBOO","BOONVILLE CALIFORNIA, CA US","2023-12-28","57",",,U","59","H,,U","54","H,,U"
"USR0000CBOO","BOONVILLE CALIFORNIA, CA US","2023-12-29","55",",,U","58","H,,U","51","H,,U"
"USR0000CBOO","BOONVILLE CALIFORNIA, CA US","2023-12-30","52",",,U","59","H,,U","48","H,,U"
"USR0000CBOO","BOONVILLE CALIFORNIA, CA US","2024-01-01","47",",,U","62","H,,U","38","H,,U"
"USR0000CBOO","BOONVILLE CALIFORNIA, CA US","2024-01-02","47",",,U","52","H,,U","41","H,,U"
"USR0000CBOO","BOONVILLE CALIFORNIA, CA US","2024-01-03","47",",,U","53","H,,U","43","H,,U"
"USR0000CBOO","BOONVILLE CALIFORNIA, CA US","2024-01-04","48",",,U","57","H,,U","41","H,,U"
"USR0000CBOO","BOONVILLE CALIFORNIA, CA US","2024-01-05","49",",,U","60","H,,U","41","H,,U"
"USR0000CBOO","BOONVILLE CALIFORNIA, CA US","2024-01-06","41",",,U","51","H,,U","34","H,,U"
"USR0000CBOO","BOONVILLE CALIFORNIA, CA US","2024-01-07","38",",,U","51","H,,U","28","H,,U"
"USR0000CBOO","BOONVILLE CALIFORNIA, CA US","2024-01-08","43",",,U","52","H,,U","33","H,,U"
"USR0000CBOO","BOONVILLE CALIFORNIA, CA US","2024-01-09","47",",,U","53","H,,U","41","H,,U"
"USR0000CBOO","BOONVILLE CALIFORNIA, CA US","2024-01-10","45",",,U","51","H,,U","37","H,,U"
"USR0000CBOO","BOONVILLE CALIFORNIA, CA US","2024-01-11","39",",,U","51","H,,U","30","H,,U"
"USR0000CBOO","BOONVILLE CALIFORNIA, CA US","2024-01-12","44",",,U","51","H,,U","36","H,,U"
"USR0000CBOO","BOONVILLE CALIFORNIA, CA US","2024-01-13","51",",,U","56","H,,U","46","H,,U"
"USR0000CBOO","BOONVILLE CALIFORNIA, CA US","2024-01-14","51",",,U","56","H,,U","48","H,,U"
"USR0000CBOO","BOONVILLE CALIFORNIA, CA US","2024-01-15","51",",,U","62","H,,U","46","H,,U"
"USR0000CBOO","BOONVILLE CALIFORNIA, CA US","2024-01-16","49",",,U","54","H,,U","44","H,,U"
"USR0000CBOO","BOONVILLE CALIFORNIA, CA US","2024-01-17","51",",,U","60","H,,U","45","H,,U"
"USR0000CBOO","BOONVILLE CALIFORNIA, CA US","2024-01-18","52",",,U","60","H,,U","44","H,,U"
"USR0000CBOO","BOONVILLE CALIFORNIA, CA US","2024-01-19","53",",,U","56","H,,U","51","H,,U"
"USR0000CBOO","BOONVILLE CALIFORNIA, CA US","2024-01-20","52",",,U","54","H,,U","49","H,,U"
"USR0000CBOO","BOONVILLE CALIFORNIA, CA US","2024-01-21","53",",,U","55","H,,U","50","H,,U"
"USR0000CBOO","BOONVILLE CALIFORNIA, CA US","2024-01-22","55",",,U","61","H,,U","52","H,,U"
"USR0000CBOO","BOONVILLE CALIFORNIA, CA US","2024-01-23","53",",,U","59","H,,U","50","H,,U"
"USR0000CBOO","BOONVILLE CALIFORNIA, CA US","2024-01-24","52",",,U","57","H,,U","49","H,,U"
"USR0000CBOO","BOONVILLE CALIFORNIA, CA US","2024-01-25","52",",,U","62","H,,U","47","H,,U"
"USR0000CBOO","BOONVILLE CALIFORNIA, CA US","2024-01-26","55",",,U","59","H,,U","51","H,,U"
"USR0000CBOO","BOONVILLE CALIFORNIA, CA US","2024-01-27","58",",,U","69","H,,U","52","H,,U"
"USR0000CBOO","BOONVILLE CALIFORNIA, CA US","2024-01-28","62",",,U","77","H,,U","52","H,,U"
"USR0000CBOO","BOONVILLE CALIFORNIA, CA US","2024-01-29","62",",,U","74","H,,U","56","H,,U"
"USR0000CBOO","BOONVILLE CALIFORNIA, CA US","2024-01-30","59",",,U","68","H,,U","53","H,,U"
"USR0000CBOO","BOONVILLE CALIFORNIA, CA US","2024-01-31","53",",,U","57","H,,U","49","H,,U"
"USR0000CBOO","BOONVILLE CALIFORNIA, CA US","2024-02-01","49",",,U","52","H,,U","45","H,,U"
"USR0000CBOO","BOONVILLE CALIFORNIA, CA US","2024-02-02","46",",,U","54","H,,U","39","H,,U"
"USR0000CBOO","BOONVILLE CALIFORNIA, CA US","2024-02-03","45",",,U","55","H,,U","37","H,,U"
"USR0000CBOO","BOONVILLE CALIFORNIA, CA US","2024-02-04","47",",,U","55","H,,U","42","H,,U"
"USR0000CBOO","BOONVILLE CALIFORNIA, CA US","2024-02-05","49",",,U","54","H,,U","46","H,,U"
"USR0000CBOO","BOONVILLE CALIFORNIA, CA US","2024-02-06","46",",,U","54","H,,U","39","H,,U"
"USR0000CBOO","BOONVILLE CALIFORNIA, CA US","2024-02-07","42",",,U","46","H,,U","38","H,,U"
"USR0000CBOO","BOONVILLE CALIFORNIA, CA US","2024-02-08","43",",,U","54","H,,U","34","H,,U"
"USR0000CBOO","BOONVILLE CALIFORNIA, CA US","2024-02-09","44",",,U","55","H,,U","35","H,,U"
"USR0000CBOO","BOONVILLE CALIFORNIA, CA US","2024-02-10","47",",,U","61","H,,U","35","H,,U"
"USR0000CBOO","BOONVILLE CALIFORNIA, CA US","2024-02-11","50",",,U","61","H,,U","43","H,,U"
"USR0000CBOO","BOONVILLE CALIFORNIA, CA US","2024-02-12","50",",,U","62","H,,U","42","H,,U"
"USR0000CBOO","BOONVILLE CALIFORNIA, CA US","2024-02-13","51",",,U","60","H,,U","45","H,,U"
"USR0000CBOO","BOONVILLE CALIFORNIA, CA US","2024-02-14","50",",,U","53","H,,U","48","H,,U"
"USR0000CBOO","BOONVILLE CALIFORNIA, CA US","2024-02-15","51",",,U","59","H,,U","45","H,,U"
"USR0000CBOO","BOONVILLE CALIFORNIA, CA US","2024-02-16","53",",,U","60","H,,U","47","H,,U"
"USR0000CBOO","BOONVILLE CALIFORNIA, CA US","2024-02-17","51",",,U","54","H,,U","48","H,,U"
"USR0000CBOO","BOONVILLE CALIFORNIA, CA US","2024-02-18","51",",,U","59","H,,U","46","H,,U"
"USR0000CBOO","BOONVILLE CALIFORNIA, CA US","2024-02-19","53",",,U","59","H,,U","50","H,,U"
"USR0000CBOO","BOONVILLE CALIFORNIA, CA US","2024-02-20","50",",,U","54","H,,U","45","H,,U"
"USR0000CBOO","BOONVILLE CALIFORNIA, CA US","2024-02-21","49",",,U","56","H,,U","43","H,,U"
"USR0000CBOO","BOONVILLE CALIFORNIA, CA US","2024-02-22","50",",,U","61","H,,U","42","H,,U"
"USR0000CBOO","BOONVILLE CALIFORNIA, CA US","2024-02-23","49",",,U","66","H,,U","37","H,,U"
"USR0000CBOO","BOONVILLE CALIFORNIA, CA US","2024-02-24","54",",,U","75","H,,U","40","H,,U"
"USR0000CBOO","BOONVILLE CALIFORNIA, CA US","2024-02-25","53",",,U","69","H,,U","43","H,,U"
"USR0000CBOO","BOONVILLE CALIFORNIA, CA US","2024-02-26","48",",,U","55","H,,U","41","H,,U"
"USR0000CBOO","BOONVILLE CALIFORNIA, CA US","2024-02-27","45",",,U","60","H,,U","33","H,,U"
"USR0000CBOO","BOONVILLE CALIFORNIA, CA US","2024-02-28","49",",,U","69","H,,U","35","H,,U"
"USR0000CBOO","BOONVILLE CALIFORNIA, CA US","2024-02-29","48",",,U","54","H,,U","44","H,,U"
"USR0000CBOO","BOONVILLE CALIFORNIA, CA US","2024-03-01","46",",,U","50","H,,U","41","H,,U"
"USR0000CBOO","BOONVILLE CALIFORNIA, CA US","2024-03-02","40",",,U","46","H,,U","37","H,,U"
"USR0000CBOO","BOONVILLE CALIFORNIA, CA US","2024-03-03","42",",,U","49","H,,U","36","H,,U"
"USR0000CBOO","BOONVILLE CALIFORNIA, CA US","2024-03-04","44",",,U","50","H,,U","36","H,,U"
"USR0000CBOO","BOONVILLE CALIFORNIA, CA US","2024-03-05","51",",,U","54","H,,U","48","H,,U"
"USR0000CBOO","BOONVILLE CALIFORNIA, CA US","2024-03-06","50",",,U","57","H,,U","46","H,,U"
"USR0000CBOO","BOONVILLE CALIFORNIA, CA US","2024-03-07","47",",,U","57","H,,U","39","H,,U"
"USR0000CBOO","BOONVILLE CALIFORNIA, CA US","2024-03-08","49",",,U","67","H,,U","34","H,,U"
"USR0000CBOO","BOONVILLE CALIFORNIA, CA US","2024-03-09","49",",,U","57","H,,U","41","H,,U"
"USR0000CBOO","BOONVILLE CALIFORNIA, CA US","2024-03-10","46",",,U","54","H,,U","38","H,,U"
"USR0000CBOO","BOONVILLE CALIFORNIA, CA US","2024-03-11","45",",,U","55","H,,U","34","H,,U"
"USR0000CBOO","BOONVILLE CALIFORNIA, CA US","2024-03-12","50",",,U","57","H,,U","44","H,,U"
"USR0000CBOO","BOONVILLE CALIFORNIA, CA US","2024-03-13","48",",,U","61","H,,U","38","H,,U"
"USR0000CBOO","BOONVILLE CALIFORNIA, CA US","2024-03-14","51",",,U","72","H,,U","36","H,,U"
"USR0000CBOO","BOONVILLE CALIFORNIA, CA US","2024-03-15","55",",,U","77","H,,U","37","H,,U"
"USR0000CBOO","BOONVILLE CALIFORNIA, CA US","2024-03-16","55",",,U","74","H,,U","39","H,,U"
"USR0000CBOO","BOONVILLE CALIFORNIA, CA US","2024-03-17","52",",,U","71","H,,U","37","H,,U"
"USR0000CBOO","BOONVILLE CALIFORNIA, CA US","2024-03-18","53",",,U","70","H,,U","40","H,,U"
"USR0000CBOO","BOONVILLE CALIFORNIA, CA US","2024-03-19","52",",,U","67","H,,U","43","H,,U"
"USR0000CBOO","BOONVILLE CALIFORNIA, CA US","2024-03-20","51",",,U","66","H,,U","41","H,,U"
"USR0000CBOO","BOONVILLE CALIFORNIA, CA US","2024-03-21","56",",,U","69","H,,U","47","H,,U"
"USR0000CBOO","BOONVILLE CALIFORNIA, CA US","2024-03-22","51",",,U","56","H,,U","46","H,,U"
"USR0000CBOO","BOONVILLE CALIFORNIA, CA US","2024-03-23","48",",,U","55","H,,U","46","H,,U"
"USR0000CBOO","BOONVILLE CALIFORNIA, CA US","2024-03-24","50",",,U","58","H,,U","45","H,,U"
"USR0000CBOO","BOONVILLE CALIFORNIA, CA US","2024-03-25","51",",,U","59","H,,U","45","H,,U"
"USR0000CBOO","BOONVILLE CALIFORNIA, CA US","2024-03-26","52",",,U","65","H,,U","43","H,,U"
"USR0000CBOO","BOONVILLE CALIFORNIA, CA US","2024-03-27","49",",,U","56","H,,U","44","H,,U"
"USR0000CBOO","BOONVILLE CALIFORNIA, CA US","2024-03-28","47",",,U","58","H,,U","42","H,,U"
"USR0000CBOO","BOONVILLE CALIFORNIA, CA US","2024-03-29","45",",,U","49","H,,U","42","H,,U"
"USR0000CBOO","BOONVILLE CALIFORNIA, CA US","2024-03-30","50",",,U","61","H,,U","42","H,,U"
"USR0000CBOO","BOONVILLE CALIFORNIA, CA US","2024-03-31","50",",,U","63","H,,U","39","H,,U"
"USR0000CBOO","BOONVILLE CALIFORNIA, CA US","2024-04-01","56",",,U","76","H,,U","39","H,,U"
"USR0000CBOO","BOONVILLE CALIFORNIA, CA US","2024-04-02","57",",,U","78","H,,U","44","H,,U"
"USR0000CBOO","BOONVILLE CALIFORNIA, CA US","2024-04-03","49",",,U","60","H,,U","40","H,,U"
"USR0000CBOO","BOONVILLE CALIFORNIA, CA US","2024-04-04","40",",,U","47","H,,U","36","H,,U"
"USR0000CBOO","BOONVILLE CALIFORNIA, CA US","2024-04-05","44",",,U","54","H,,U","34","H,,U"
"USR0000CBOO","BOONVILLE CALIFORNIA, CA US","2024-04-06","45",",,U","57","H,,U","34","H,,U"
"USR0000CBOO","BOONVILLE CALIFORNIA, CA US","2024-04-07","49",",,U","61","H,,U","41","H,,U"
"USR0000CBOO","BOONVILLE CALIFORNIA, CA US","2024-04-08","52",",,U","67","H,,U","42","H,,U"
"USR0000CBOO","BOONVILLE CALIFORNIA, CA US","2024-04-09","56",",,U","74","H,,U","40","H,,U"
"USR0000CBOO","BOONVILLE CALIFORNIA, CA US","2024-04-10","58",",,U","81","H,,U","43","H,,U"
"USR0000CBOO","BOONVILLE CALIFORNIA, CA US","2024-04-11","56",",,U","75","H,,U","43","H,,U"
"USR0000CBOO","BOONVILLE CALIFORNIA, CA US","2024-04-12","51",",,U","60","H,,U","44","H,,U"
"USR0000CBOO","BOONVILLE CALIFORNIA, CA US","2024-04-13","47",",,U","50","H,,U","43","H,,U"
"USR0000CBOO","BOONVILLE CALIFORNIA, CA US","2024-04-14","47",",,U","54","H,,U","40","H,,U"
"USR0000CBOO","BOONVILLE CALIFORNIA, CA US","2024-04-15","53",",,U","66","H,,U","46","H,,U"
"USR0000CBOO","BOONVILLE CALIFORNIA, CA US","2024-04-16","56",",,U","73","H,,U","44","H,,U"
"USR0000CBOO","BOONVILLE CALIFORNIA, CA US","2024-04-17","56",",,U","74","H,,U","42","H,,U"
"USR0000CBOO","BOONVILLE CALIFORNIA, CA US","2024-04-18","60",",,U","79","H,,U","42","H,,U"
"USR0000CBOO","BOONVILLE CALIFORNIA, CA US","2024-04-19","60",",,U","78","H,,U","46","H,,U"
"USR0000CBOO","BOONVILLE CALIFORNIA, CA US","2024-04-20","58",",,U","74","H,,U","43","H,,U"
"USR0000CBOO","BOONVILLE CALIFORNIA, CA US","2024-04-21","60",",,U","81","H,,U","44","H,,U"
"USR0000CBOO","BOONVILLE CALIFORNIA, CA US","2024-04-22","65",",,U","85","H,,U","50","H,,U"
"USR0000CBOO","BOONVILLE CALIFORNIA, CA US","2024-04-23","55",",,U","66","H,,U","51","H,,U"
"USR0000CBOO","BOONVILLE CALIFORNIA, CA US","2024-04-24","55",",,U","65","H,,U","48","H,,U"
"USR0000CBOO","BOONVILLE CALIFORNIA, CA US","2024-04-25","53",",,U","63","H,,U","47","H,,U"
"USR0000CBOO","BOONVILLE CALIFORNIA, CA US","2024-04-26","52",",,U","59","H,,U","48","H,,U"
"USR0000CBOO","BOONVILLE CALIFORNIA, CA US","2024-04-27","53",",,U","63","H,,U","44","H,,U"
"USR0000CBOO","BOONVILLE CALIFORNIA, CA US","2024-04-28","56",",,U","69","H,,U","47","H,,U"
"USR0000CBOO","BOONVILLE CALIFORNIA, CA US","2024-04-29","52",",,U","63","H,,U","43","H,,U"
"USR0000CBOO","BOONVILLE CALIFORNIA, CA US","2024-04-30","51",",,U","63","H,,U","39","H,,U"
"USR0000CBOO","BOONVILLE CALIFORNIA, CA US","2024-05-01","53",",,U","68","H,,U","36","H,,U"
"USR0000CBOO","BOONVILLE CALIFORNIA, CA US","2024-05-02","55",",,U","67","H,,U","42","H,,U"
"USR0000CBOO","BOONVILLE CALIFORNIA, CA US","2024-05-03","58",",,U","71","H,,U","48","H,,U"
"USR0000CBOO","BOONVILLE CALIFORNIA, CA US","2024-05-04","49",",,U","54","H,,U","44","H,,U"
"USR0000CBOO","BOONVILLE CALIFORNIA, CA US","2024-05-05","49",",,U","59","H,,U","40","H,,U"
"USR0000CBOO","BOONVILLE CALIFORNIA, CA US","2024-05-06","51",",,U","65","H,,U","36","H,,U"
"USR0000CBOO","BOONVILLE CALIFORNIA, CA US","2024-05-07","55",",,U","67","H,,U","44","H,,U"
"USR0000CBOO","BOONVILLE CALIFORNIA, CA US","2024-05-08","61",",,U","81","H,,U","40","H,,U"
"USR0000CBOO","BOONVILLE CALIFORNIA, CA US","2024-05-09","66",",,U","83","H,,U","46","H,,U"
"USR0000CBOO","BOONVILLE CALIFORNIA, CA US","2024-05-10","70",",,U","92","H,,U","48","H,,U"
"USR0000CBOO","BOONVILLE CALIFORNIA, CA US","2024-05-11","69",",,U","92","H,,U","50","H,,U"
"USR0000CBOO","BOONVILLE CALIFORNIA, CA US","2024-05-12","63",",,U","82","H,,U","48","H,,U"
"USR0000CBOO","BOONVILLE CALIFORNIA, CA US","2024-05-13","65",",,U","84","H,,U","46","H,,U"
"USR0000CBOO","BOONVILLE CALIFORNIA, CA US","2024-05-14","66",",,U","86","H,,U","48","H,,U"
"USR0000CBOO","BOONVILLE CALIFORNIA, CA US","2024-05-15","68",",,U","89","H,,U","51","H,,U"
"USR0000CBOO","BOONVILLE CALIFORNIA, CA US","2024-05-16","58",",,U","74","H,,U","49","H,,U"
"USR0000CBOO","BOONVILLE CALIFORNIA, CA US","2024-05-17","60",",,U","81","H,,U","0","H,O,U"
"USR0000CBOO","BOONVILLE CALIFORNIA, CA US","2024-05-18","61",",,U","77","H,,U","47","H,,U"
"USR0000CBOO","BOONVILLE CALIFORNIA, CA US","2024-05-19","56",",,U","73","H,,U","42","H,,U"
"USR0000CBOO","BOONVILLE CALIFORNIA, CA US","2024-05-20","59",",,U","77","H,,U","42","H,,U"
"USR0000CBOO","BOONVILLE CALIFORNIA, CA US","2024-05-21","63",",,U","85","H,,U","43","H,,U"
"USR0000CBOO","BOONVILLE CALIFORNIA, CA US","2024-05-22","58",",,U","73","H,,U","47","H,,U"
"USR0000CBOO","BOONVILLE CALIFORNIA, CA US","2024-05-23","57",",,U","74","H,,U","43","H,,U"
"USR0000CBOO","BOONVILLE CALIFORNIA, CA US","2024-05-24","56",",,U","72","H,,U","43","H,,U"
"USR0000CBOO","BOONVILLE CALIFORNIA, CA US","2024-05-25","58",",,U","71","H,,U","46","H,,U"
"USR0000CBOO","BOONVILLE CALIFORNIA, CA US","2024-05-26","59",",,U","78","H,,U","42","H,,U"
"USR0000CBOO","BOONVILLE CALIFORNIA, CA US","2024-05-27","61",",,U","81","H,,U","44","H,,U"
"USR0000CBOO","BOONVILLE CALIFORNIA, CA US","2024-05-28","60",",,U","75","H,,U","45","H,,U"
"USR0000CBOO","BOONVILLE CALIFORNIA, CA US","2024-05-29","62",",,U","77","H,,U","48","H,,U"
"USR0000CBOO","BOONVILLE CALIFORNIA, CA US","2024-05-30","67",",,U","89","H,,U","46","H,,U"
"USR0000CBOO","BOONVILLE CALIFORNIA, CA US","2024-05-31","67",",,U","90","H,,U","49","H,,U"
"USR0000CBOO","BOONVILLE CALIFORNIA, CA US","2024-06-01","60",",,U","74","H,,U","44","H,,U"
"USR0000CBOO","BOONVILLE CALIFORNIA, CA US","2024-06-02","64",",,U","77","H,,U","54","H,,U"
"USR0000CBOO","BOONVILLE CALIFORNIA, CA US","2024-06-03","61",",,U","72","H,,U","49","H,,U"
"USR0000CBOO","BOONVILLE CALIFORNIA, CA US","2024-06-04","66",",,U","87","H,,U","46","H,,U"
"USR0000CBOO","BOONVILLE CALIFORNIA, CA US","2024-06-05","69",",,U","89","H,,U","54","H,,U"
"USR0000CBOO","BOONVILLE CALIFORNIA, CA US","2024-06-06","71",",,U","89","H,,U","52","H,,U"
"USR0000CBOO","BOONVILLE CALIFORNIA, CA US","2024-06-07","67",",,U","87","H,,U","51","H,,U"
"USR0000CBOO","BOONVILLE CALIFORNIA, CA US","2024-06-08","64",",,U","79","H,,U","50","H,,U"
"USR0000CBOO","BOONVILLE CALIFORNIA, CA US","2024-06-09","62",",,U","81","H,,U","48","H,,U"
"USR0000CBOO","BOONVILLE CALIFORNIA, CA US","2024-06-10","67",",,U","88","H,,U","49","H,,U"
"USR0000CBOO","BOONVILLE CALIFORNIA, CA US","2024-06-11","70",",,U","91","H,,U","50","H,,U"
"USR0000CBOO","BOONVILLE CALIFORNIA, CA US","2024-06-12","67",",,U","87","H,,U","49","H,,U"
"USR0000CBOO","BOONVILLE CALIFORNIA, CA US","2024-06-13","62",",,U","82","H,,U","46","H,,U"
"USR0000CBOO","BOONVILLE CALIFORNIA, CA US","2024-06-14","60",",,U","79","H,,U","45","H,,U"
"USR0000CBOO","BOONVILLE CALIFORNIA, CA US","2024-06-15","59",",,U","72","H,,U","47","H,,U"
"USR0000CBOO","BOONVILLE CALIFORNIA, CA US","2024-06-16","59",",,U","75","H,,U","44","H,,U"
"USR0000CBOO","BOONVILLE CALIFORNIA, CA US","2024-06-17","61",",,U","78","H,,U","43","H,,U"
"USR0000CBOO","BOONVILLE CALIFORNIA, CA US","2024-06-18","63",",,U","81","H,,U","45","H,,U"
"USR0000CBOO","BOONVILLE CALIFORNIA, CA US","2024-06-19","62",",,U","83","H,,U","43","H,,U"
"USR0000CBOO","BOONVILLE CALIFORNIA, CA US","2024-06-20","59",",,U","81","H,,U","45","H,,U"
"USR0000CBOO","BOONVILLE CALIFORNIA, CA US","2024-06-21","65",",,U","89","H,,U","48","H,,U"
"USR0000CBOO","BOONVILLE CALIFORNIA, CA US","2024-06-22","72",",,U","94","H,,U","51","H,,U"
"USR0000CBOO","BOONVILLE CALIFORNIA, CA US","2024-06-23","71",",,U","91","H,,U","53","H,,U"
"USR0000CBOO","BOONVILLE CALIFORNIA, CA US","2024-06-24","72",",,U","92","H,,U","51","H,,U"
"USR0000CBOO","BOONVILLE CALIFORNIA, CA US","2024-06-25","69",",,U","91","H,,U","52","H,,U"
"USR0000CBOO","BOONVILLE CALIFORNIA, CA US","2024-06-26","60",",,U","78","H,,U","51","H,,U"
"USR0000CBOO","BOONVILLE CALIFORNIA, CA US","2024-06-27","62",",,U","80","H,,U","49","H,,U"
"USR0000CBOO","BOONVILLE CALIFORNIA, CA US","2024-06-28","68",",,U","86","H,,U","49","H,,U"
"USR0000CBOO","BOONVILLE CALIFORNIA, CA US","2024-06-29","71",",,U","88","H,,U","52","H,,U"
"USR0000CBOO","BOONVILLE CALIFORNIA, CA US","2024-06-30","70",",,U","83","H,,U","57","H,,U"
"USR0000CBOO","BOONVILLE CALIFORNIA, CA US","2024-07-01","71",",,U","90","H,,U","51","H,,U"
"USR0000CBOO","BOONVILLE CALIFORNIA, CA US","2024-07-02","80",",,U","107","H,,U","56","H,,U"
"USR0000CBOO","BOONVILLE CALIFORNIA, CA US","2024-07-03","85",",,U","108","H,,U","62","H,,U"
"USR0000CBOO","BOONVILLE CALIFORNIA, CA US","2024-07-04","83",",,U","105","H,,U","63","H,,U"
"USR0000CBOO","BOONVILLE CALIFORNIA, CA US","2024-07-05","80",",,U","102","H,,U","60","H,,U"
"USR0000CBOO","BOONVILLE CALIFORNIA, CA US","2024-07-06","84",",,U","110","H,,U","61","H,,U"
"USR0000CBOO","BOONVILLE CALIFORNIA, CA US","2024-07-07","79",",,U","99","H,,U","61","H,,U"
"USR0000CBOO","BOONVILLE CALIFORNIA, CA US","2024-07-08","74",",,U","96","H,,U","56","H,,U"
"USR0000CBOO","BOONVILLE CALIFORNIA, CA US","2024-07-09","69",",,U","89","H,,U","54","H,,U"
"USR0000CBOO","BOONVILLE CALIFORNIA, CA US","2024-07-10","76",",,U","99","H,,U","56","H,,U"
"USR0000CBOO","BOONVILLE CALIFORNIA, CA US","2024-07-11","79",",,U","104","H,,U","57","H,,U"
"USR0000CBOO","BOONVILLE CALIFORNIA, CA US","2024-07-12","76",",,U","102","H,,U","52","H,,U"
"USR0000CBOO","BOONVILLE CALIFORNIA, CA US","2024-07-13","74",",,U","94","H,,U","55","H,,U"
"USR0000CBOO","BOONVILLE CALIFORNIA, CA US","2024-07-14","69",",,U","90","H,,U","55","H,,U"
"USR0000CBOO","BOONVILLE CALIFORNIA, CA US","2024-07-15","62",",,U","80","H,,U","52","H,,U"
"USR0000CBOO","BOONVILLE CALIFORNIA, CA US","2024-07-16","62",",,U","84","H,,U","48","H,,U"
"USR0000CBOO","BOONVILLE CALIFORNIA, CA US","2024-07-17","66",",,U","83","H,,U","53","H,,U"
"USR0000CBOO","BOONVILLE CALIFORNIA, CA US","2024-07-18","70",",,U","92","H,,U","51","H,,U"
"USR0000CBOO","BOONVILLE CALIFORNIA, CA US","2024-07-19","73",",,U","98","H,,U","51","H,,U"
"USR0000CBOO","BOONVILLE CALIFORNIA, CA US","2024-07-20","68",",,U","86","H,,U","55","H,,U"
"USR0000CBOO","BOONVILLE CALIFORNIA, CA US","2024-07-21","66",",,U","83","H,,U","53","H,,U"
"USR0000CBOO","BOONVILLE CALIFORNIA, CA US","2024-07-22","75",",,U","99","H,,U","53","H,,U"
"USR0000CBOO","BOONVILLE CALIFORNIA, CA US","2024-07-23","82",",,U","104","H,,U","61","H,,U"
"USR0000CBOO","BOONVILLE CALIFORNIA, CA US","2024-07-24","80",",,U","102","H,,U","63","H,,U"
"USR0000CBOO","BOONVILLE CALIFORNIA, CA US","2024-07-25","74",",,U","95","H,,U","56","H,,U"
"USR0000CBOO","BOONVILLE CALIFORNIA, CA US","2024-07-26","67",",,U","91","H,,U","50","H,,U"
"USR0000CBOO","BOONVILLE CALIFORNIA, CA US","2024-07-27","61",",,U","80","H,,U","48","H,,U"
"USR0000CBOO","BOONVILLE CALIFORNIA, CA US","2024-07-28","63",",,U","82","H,,U","47","H,,U"
"USR0000CBOO","BOONVILLE CALIFORNIA, CA US","2024-07-29","66",",,U","82","H,,U","52","H,,U"
"USR0000CBOO","BOONVILLE CALIFORNIA, CA US","2024-07-30","68",",,U","82","H,,U","59","H,,U"
"USR0000CBOO","BOONVILLE CALIFORNIA, CA US","2024-07-31","72",",,U","94","H,,U","55","H,,U"
"USR0000CBOO","BOONVILLE CALIFORNIA, CA US","2024-08-01","70",",,U","99","H,,U","53","H,,U"
"USR0000CBOO","BOONVILLE CALIFORNIA, CA US","2024-08-02","72",",,U","98","H,,U","52","H,,U"
"USR0000CBOO","BOONVILLE CALIFORNIA, CA US","2024-08-03","71",",,U","96","H,,U","55","H,,U"
"USR0000CBOO","BOONVILLE CALIFORNIA, CA US","2024-08-04","66",",,U","89","H,,U","53","H,,U"
"USR0000CBOO","BOONVILLE CALIFORNIA, CA US","2024-08-05","65",",,U","85","H,,U","52","H,,U"
"USR0000CBOO","BOONVILLE CALIFORNIA, CA US","2024-08-06","71",",,U","94","H,,U","50","H,,U"
"USR0000CBOO","BOONVILLE CALIFORNIA, CA US","2024-08-07","76",",,U","101","H,,U","57","H,,U"
"USR0000CBOO","BOONVILLE CALIFORNIA, CA US","2024-08-08","69",",,U","92","H,,U","50","H,,U"
"USR0000CBOO","BOONVILLE CALIFORNIA, CA US","2024-08-09","67",",,U","89","H,,U","50","H,,U"
"USR0000CBOO","BOONVILLE CALIFORNIA, CA US","2024-08-10","68",",,U","89","H,,U","51","H,,U"
"USR0000CBOO","BOONVILLE CALIFORNIA, CA US","2024-08-11","65",",,U","89","H,,U","50","H,,U"
"USR0000CBOO","BOONVILLE CALIFORNIA, CA US","2024-08-12","63",",,U","83","H,,U","48","H,,U"
"USR0000CBOO","BOONVILLE CALIFORNIA, CA US","2024-08-13","65",",,U","84","H,,U","48","H,,U"
"USR0000CBOO","BOONVILLE CALIFORNIA, CA US","2024-08-14","66",",,U","82","H,,U","53","H,,U"
"USR0000CBOO","BOONVILLE CALIFORNIA, CA US","2024-08-15","66",",,U","80","H,,U","56","H,,U"
"USR0000CBOO","BOONVILLE CALIFORNIA, CA US","2024-08-16","66",",,U","83","H,,U","51","H,,U"
"USR0000CBOO","BOONVILLE CALIFORNIA, CA US","2024-08-17","65",",,U","76","H,,U","55","H,,U"
"USR0000CBOO","BOONVILLE CALIFORNIA, CA US","2024-08-18","65",",,U","78","H,,U","55","H,,U"
"USR0000CBOO","BOONVILLE CALIFORNIA, CA US","2024-08-19","65",",,U","82","H,,U","52","H,,U"
"USR0000CBOO","BOONVILLE CALIFORNIA, CA US","2024-08-20","67",",,U","86","H,,U","51","H,,U"
"USR0000CBOO","BOONVILLE CALIFORNIA, CA US","2024-08-21","64",",,U","82","H,,U","49","H,,U"
"USR0000CBOO","BOONVILLE CALIFORNIA, CA US","2024-08-22","62",",,U","72","H,,U","54","H,,U"
"USR0000CBOO","BOONVILLE CALIFORNIA, CA US","2024-08-23","61",",,U","68","H,,U","52","H,,U"
"USR0000CBOO","BOONVILLE CALIFORNIA, CA US","2024-08-24","63",",,U","75","H,,U","54","H,,U"
"USR0000CBOO","BOONVILLE CALIFORNIA, CA US","2024-08-25","67",",,U","85","H,,U","50","H,,U"
"USR0000CBOO","BOONVILLE CALIFORNIA, CA US","2024-08-26","72",",,U","94","H,,U","52","H,,U"
"USR0000CBOO","BOONVILLE CALIFORNIA, CA US","2024-08-27","75",",,U","99","H,,U","55","H,,U"
"USR0000CBOO","BOONVILLE CALIFORNIA, CA US","2024-08-28","76",",,U","98","H,,U","58","H,,U"
"USR0000CBOO","BOONVILLE CALIFORNIA, CA US","2024-08-29","68",",,U","93","H,,U","51","H,,U"
"USR0000CBOO","BOONVILLE CALIFORNIA, CA US","2024-08-30","65",",,U","87","H,,U","51","H,,U"
"USR0000CBOO","BOONVILLE CALIFORNIA, CA US","2024-08-31","62",",,U","78","H,,U","51","H,,U"
"USR0000CBOO","BOONVILLE CALIFORNIA, CA US","2024-09-01","63",",,U","81","H,,U","51","H,,U"
"USR0000CBOO","BOONVILLE CALIFORNIA, CA US","2024-09-02","62",",,U","79","H,,U","49","H,,U"
"USR0000CBOO","BOONVILLE CALIFORNIA, CA US","2024-09-03","73",",,U","98","H,,U","50","H,,U"
"USR0000CBOO","BOONVILLE CALIFORNIA, CA US","2024-09-04","77",",,U","104","H,,U","59","H,,U"
"USR0000CBOO","BOONVILLE CALIFORNIA, CA US","2024-09-05","71",",,U","97","H,,U","53","H,,U"
"USR0000CBOO","BOONVILLE CALIFORNIA, CA US","2024-09-06","68",",,U","99","H,,U","49","H,,U"
"USR0000CBOO","BOONVILLE CALIFORNIA, CA US","2024-09-07","65",",,U","93","H,,U","46","H,,U"
"USR0000CBOO","BOONVILLE CALIFORNIA, CA US","2024-09-08","69",",,U","97","H,,U","46","H,,U"
"USR0000CBOO","BOONVILLE CALIFORNIA, CA US","2024-09-09","69",",,U","91","H,,U","53","H,,U"
"USR0000CBOO","BOONVILLE CALIFORNIA, CA US","2024-09-10","62",",,U","81","H,,U","51","H,,U"
"USR0000CBOO","BOONVILLE CALIFORNIA, CA US","2024-09-11","61",",,U","72","H,,U","50","H,,U"
"USR0000CBOO","BOONVILLE CALIFORNIA, CA US","2024-09-12","65",",,U","81","H,,U","54","H,,U"
"USR0000CBOO","BOONVILLE CALIFORNIA, CA US","2024-09-13","67",",,U","92","H,,U","50","H,,U"
"USR0000CBOO","BOONVILLE CALIFORNIA, CA US","2024-09-14","64",",,U","84","H,,U","50","H,,U"
"USR0000CBOO","BOONVILLE CALIFORNIA, CA US","2024-09-15","59",",,U","70","H,,U","52","H,,U"
"USR0000CBOO","BOONVILLE CALIFORNIA, CA US","2024-09-16","63",",,U","78","H,,U","51","H,,U"
"USR0000CBOO","BOONVILLE CALIFORNIA, CA US","2024-09-17","59",",,U","74","H,,U","48","H,,U"
"USR0000CBOO","BOONVILLE CALIFORNIA, CA US","2024-09-18","63",",,U","76","H,,U","55","H,,U"
"USR0000CBOO","BOONVILLE CALIFORNIA, CA US","2024-09-19","64",",,U","87","H,,U","51","H,,U"
"USR0000CBOO","BOONVILLE CALIFORNIA, CA US","2024-09-20","67",",,U","90","H,,U","48","H,,U"
"USR0000CBOO","BOONVILLE CALIFORNIA, CA US","2024-09-21","69",",,U","93","H,,U","52","H,,U"
"USR0000CBOO","BOONVILLE CALIFORNIA, CA US","2024-09-22","69",",,U","92","H,,U","53","H,,U"
"USR0000CBOO","BOONVILLE CALIFORNIA, CA US","2024-09-23","76",",,U","100","H,,U","56","H,,U"
"USR0000CBOO","BOONVILLE CALIFORNIA, CA US","2024-09-24","78",",,U","101","H,,U","60","H,,U"
"USR0000CBOO","BOONVILLE CALIFORNIA, CA US","2024-09-25","62",",,U","77","H,,U","52","H,,U"
"USR0000CBOO","BOONVILLE CALIFORNIA, CA US","2024-09-26","67",",,U","89","H,,U","53","H,,U"
"USR0000CBOO","BOONVILLE CALIFORNIA, CA US","2024-09-27","73",",,U","97","H,,U","54","H,,U"
"USR0000CBOO","BOONVILLE CALIFORNIA, CA US","2024-09-28","64",",,U","90","H,,U","50","H,,U"
"USR0000CBOO","BOONVILLE CALIFORNIA, CA US","2024-09-29","62",",,U","82","H,,U","45","H,,U"
"USR0000CBOO","BOONVILLE CALIFORNIA, CA US","2024-09-30","73",",,U","101","H,,U","52","H,,U"
"USR0000CBOO","BOONVILLE CALIFORNIA, CA US","2024-10-01","79",",,U","105","H,,U","58","H,,U"
"USR0000CBOO","BOONVILLE CALIFORNIA, CA US","2024-10-02","78",",,U","104","H,,U","57","H,,U"
"USR0000CBOO","BOONVILLE CALIFORNIA, CA US","2024-10-03","77",",,U","102","H,,U","59","H,,U"
"USR0000CBOO","BOONVILLE CALIFORNIA, CA US","2024-10-04","71",",,U","93","H,,U","51","H,,U"
"USR0000CBOO","BOONVILLE CALIFORNIA, CA US","2024-10-05","75",",,U","98","H,,U","54","H,,U"
"USR0000CBOO","BOONVILLE CALIFORNIA, CA US","2024-10-06","79",",,U","103","H,,U","60","H,,U"
"USR0000CBOO","BOONVILLE CALIFORNIA, CA US","2024-10-07","75",",,U","98","H,,U","61","H,,U"
"USR0000CBOO","BOONVILLE CALIFORNIA, CA US","2024-10-08","66",",,U","90","H,,U","53","H,,U"
"USR0000CBOO","BOONVILLE CALIFORNIA, CA US","2024-10-09","64",",,U","84","H,,U","49","H,,U"
"USR0000CBOO","BOONVILLE CALIFORNIA, CA US","2024-10-10","64",",,U","86","H,,U","51","H,,U"
"USR0000CBOO","BOONVILLE CALIFORNIA, CA US","2024-10-11","63",",,U","83","H,,U","46","H,,U"
"USR0000CBOO","BOONVILLE CALIFORNIA, CA US","2024-10-12","62",",,U","71","H,,U","56","H,,U"
"USR0000CBOO","BOONVILLE CALIFORNIA, CA US","2024-10-13","65",",,U","80","H,,U","55","H,,U"
"USR0000CBOO","BOONVILLE CALIFORNIA, CA US","2024-10-14","62",",,U","78","H,,U","53","H,,U"
"USR0000CBOO","BOONVILLE CALIFORNIA, CA US","2024-10-15","58",",,U","76","H,,U","51","H,,U"
